# Nederlands. english<TAB>vertaling. Vaktaal van de bloemenhandel, niet woordenboek-Nederlands:
# bos, steel, doos, vaasleven, snijstadium, koelketen, vrachtbrief.
# --- client feedback round: positioning, growing partners, process, trial, buyer form
# client photos, Sep 2026
&amp; eucalyptus, our core products	&amp; eucalyptus, onze kernproducten
&copy; 2026 JASM Flowers Ltd. All rights reserved.	&copy; 2026 JASM Flowers Ltd. Alle rechten voorbehouden.
1,800 to 2,400 metres, Naivasha and Mount Kenya.	1.800 tot 2.400 meter, Naivasha en Mount Kenya.
10 stems	10 stelen
10 stems, individually netted	10 stelen, per stuk gehoesd
10 stems, netted	10 stelen, gehoesd
10 stems, sleeved	10 stelen, gehoesd
10-14 days	10-14 dagen
100 g / 150 g / 250 g	100 g / 150 g / 250 g
100 stems / full box	100 stelen / volle doos
100-160 bunches / full box	100-160 bossen / volle doos
100-200 stems / full box	100-200 stelen / volle doos
12-18 days	12-18 dagen
14-18 days	14-18 dagen
14-21 days	14-21 dagen
15 lines, one airway bill. Stem lengths, bunch and box specs, and month by month availability for the full programme.	15 lijnen, een vrachtbrief. Steellengtes, bos- en doosspecificaties en de beschikbaarheid per maand voor het hele programma.
20 stems	20 stelen
200 bunches / full box	200 bossen / volle doos
200-400 stems / full box	200-400 stelen / volle doos
250 g / 300 g	250 g / 300 g
300-400 stems / full box	300-400 stelen / volle doos
4-7 days	4-7 dagen
40 cm &middot; 50 cm &middot; 60 cm	40 cm &middot; 50 cm &middot; 60 cm
40 cm &middot; 50 cm &middot; 60 cm &middot; 70 cm &middot; 80 cm	40 cm &middot; 50 cm &middot; 60 cm &middot; 70 cm &middot; 80 cm
40 cm to 60 cm &middot; 4-7 days	40 cm tot 60 cm &middot; 4-7 dagen
40 cm to 60 cm &middot; 5-8 days	40 cm tot 60 cm &middot; 5-8 dagen
40 cm to 80 cm &middot; 8-14 days	40 cm tot 80 cm &middot; 8-14 dagen
40 cm, 50 cm, 60 cm	40 cm, 50 cm, 60 cm
40 cm, 50 cm, 60 cm, 70 cm, 80 cm	40 cm, 50 cm, 60 cm, 70 cm, 80 cm
40-60 stems / full box	40-60 stelen / volle doos
400-600 stems / full box	400-600 stelen / volle doos
5 stems	5 stelen
5 stems / 250 g	5 stelen / 250 g
5 stems, individually netted	5 stelen, per stuk gehoesd
5-8 days	5-8 dagen
50 cm &middot; 60 cm &middot; 70 cm	50 cm &middot; 60 cm &middot; 70 cm
50 cm &middot; 60 cm &middot; 70 cm &middot; 80 cm	50 cm &middot; 60 cm &middot; 70 cm &middot; 80 cm
50 cm to 70 cm &middot; 14-18 days	50 cm tot 70 cm &middot; 14-18 dagen
50 cm to 70 cm &middot; 14-21 days	50 cm tot 70 cm &middot; 14-21 dagen
50 cm to 70 cm &middot; 7-12 days	50 cm tot 70 cm &middot; 7-12 dagen
50 cm, 60 cm, 70 cm	50 cm, 60 cm, 70 cm
50 cm, 60 cm, 70 cm, 80 cm	50 cm, 60 cm, 70 cm, 80 cm
60 cm &middot; 70 cm	60 cm &middot; 70 cm
60 cm &middot; 70 cm &middot; 80 cm	60 cm &middot; 70 cm &middot; 80 cm
60 cm to 70 cm &middot; 14-21 days	60 cm tot 70 cm &middot; 14-21 dagen
60 cm to 80 cm &middot; 10-14 days	60 cm tot 80 cm &middot; 10-14 dagen
60 cm to 80 cm &middot; 14-21 days	60 cm tot 80 cm &middot; 14-21 dagen
60 cm, 70 cm	60 cm, 70 cm
60 cm, 70 cm, 80 cm	60 cm, 70 cm, 80 cm
7-10 days	7-10 dagen
7-12 days	7-12 dagen
70 cm &middot; 80 cm &middot; 90 cm	70 cm &middot; 80 cm &middot; 90 cm
70 cm to 90 cm &middot; 7-10 days	70 cm tot 90 cm &middot; 7-10 dagen
70 cm, 80 cm, 90 cm	70 cm, 80 cm, 90 cm
8-14 days	8-14 dagen
<b data-cut-left>14:00</b>	<b data-cut-left>14:00</b>
<b>1,800&ndash;2,400 m</b>	<b>1.800&ndash;2.400 m</b>
<b>2&ndash;4 &deg;C</b>	<b>2&ndash;4 &deg;C</b>
<b>2&ndash;4 &deg;C</b> cold chain	<b>2&ndash;4 &deg;C</b> koelketen
<b>2,400 m</b>	<b>2.400 m</b>
<b>Call the office</b>	<b>Bel het kantoor</b>
<b>Carnations</b>	<b>Anjers</b>
<b>Chrysanthemums</b>	<b>Chrysanten</b>
<b>David Austin</b>	<b>David Austin</b>
<b>Delphiniums</b>	<b>Delphinium</b>
<b>Email sales</b>	<b>Mail de verkoop</b>
<b>Eryngium</b>	<b>Eryngium</b>
<b>Eucalyptus</b>	<b>Eucalyptus</b>
<b>Every stem measured</b>	<b>Elke steel gemeten</b>
<b>Fairtrade</b> &mdash; On nominated farms	<b>Fairtrade</b> &mdash; Op aangewezen kwekerijen
<b>Fairtrade</b> On nominated farms	<b>Fairtrade</b> Op aangewezen kwekerijen
<b>GLOBALG.A.P.</b> &mdash; Good agricultural practice	<b>GLOBALG.A.P.</b> &mdash; Goede landbouwpraktijk
<b>GLOBALG.A.P.</b> Good agricultural practice	<b>GLOBALG.A.P.</b> Goede landbouwpraktijk
<b>Garden Roses</b>	<b>Tuinrozen</b>
<b>Gypsophila</b>	<b>Gypsophila</b>
<b>Hydrangeas</b>	<b>Hortensia</b>
<b>JASM Flowers</b> &middot; Naivasha &amp; Mount Kenya, Kenya<br> sales@jasmflowers.co.ke &middot; jasmflowers.com	<b>JASM Flowers</b> &middot; Naivasha &amp; Mount Kenya, Kenia<br> sales@jasmflowers.co.ke &middot; jasmflowers.com
<b>KFC Silver</b> &mdash; Kenya Flower Council code of practice	<b>KFC Silver</b> &mdash; Gedragscode van de Kenya Flower Council
<b>KFC Silver</b> Kenya Flower Council code of practice	<b>KFC Silver</b> Gedragscode van de Kenya Flower Council
<b>Limonium</b>	<b>Limonium</b>
<b>MPS-A</b> &mdash; Environmental registration	<b>MPS-A</b> &mdash; Milieuregistratie
<b>MPS-A</b> Environmental registration	<b>MPS-A</b> Milieuregistratie
<b>Night freighter</b> to Europe	<b>Nachtvracht</b> naar Europa
<b>Pallet photo on request</b>	<b>Foto van de pallet op verzoek</b>
<b>Ready for a price?</b>	<b>Klaar voor een prijs?</b>
<b>Roses &amp; Spray Roses</b>	<b>Rozen &amp; trosrozen</b>
<b>Solidago</b>	<b>Solidago</b>
<b>Spray Carnations</b>	<b>Trosanjers</b>
<b>Spray Garden Roses</b>	<b>Tros-tuinrozen</b>
<b>Statice</b>	<b>Statice</b>
<b>Temperature log travels with the box</b>	<b>Temperatuurlog reist mee met de doos</b>
<b>The packhouse</b>	<b>De packhouse</b>
<b>Two degrees</b>	<b>Twee graden</b>
<b>What you get back:</b> a written quote per line with stem length, bunch spec, box count, FOB or CIF price and the current freight rate, plus a trial box before a standing programme.	<b>Wat u terugkrijgt:</b> een schriftelijke offerte per soort met steellengte, bosspecificatie, aantal per doos, FOB- of CIF-prijs en het actuele vrachttarief, plus een proefdoos voor een vast programma.
<b>WhatsApp</b>	<b>WhatsApp</b>
<b>Written spec per customer</b>	<b>Schriftelijke specificatie per klant</b>
<b>sales@jasmflowers.co.ke</b> &middot; +254 700 000 000<br> jasmflowers.com	<b>sales@jasmflowers.co.ke</b> &middot; +254 700 000 000<br> jasmflowers.com
A	A
A Kenyan flower export business connecting selected growers with professional international buyers. Summer flowers, foliage and roses, grown in Kenya for Europe.	Een Keniaans bloemenexportbedrijf dat geselecteerde telers verbindt met professionele internationale inkopers. Zomerbloemen, groen en rozen, geteeld in Kenia voor Europa.
A bunch of eucalyptus, solidago and limonium on linen	Een bos eucalyptus, solidago en limonium op linnen
A bunch of tinted gypsophila in blue, pink, yellow and lime, held up in the field	Een bos getinte gypsophila in blauw, roze, geel en limegroen, omhooggehouden in het veld
A full-length eucalyptus stem held up and checked against the grading spec	Een eucalyptustak op volle lengte, omhooggehouden en gecontroleerd tegen de sorteerspecificatie
A graded bunch of solidago, cut and bunched to spec on a partner farm	Een gesorteerde bos solidago, op een partnerkwekerij gesneden en op specificatie gebost
A half box for a first trial, a full box for a standing programme. Boxes can be mixed, so you can trial three lines in one shipment without three minimums.	Een halve doos voor een eerste proef, een volle doos voor een vast programma. Dozen mogen gemengd, dus u kunt drie lijnen in een zending proberen zonder drie minimums.
A half box for a trial and a full box for a standing programme. Mixed boxes are fine, so you can trial three lines in one shipment. Exact box counts per variety are on the catalogue page.	Een halve doos voor een proef en een volle doos voor een vast programma. Gemengde dozen zijn prima, dus u kunt drie lijnen in een zending proberen. De exacte aantallen per doos per soort staan op de cataloguspagina.
A half box is enough for a first trial	Een halve doos is genoeg voor een eerste proef
A photo of your pallet before it leaves Nairobi, on request.	Op verzoek een foto van uw pallet voordat die Nairobi verlaat.
A short chain,<br>on purpose	Een korte keten,<br>met opzet
A small group of growers	Een kleine groep telers
About	Over ons
About JASM	Over JASM
About JASM: Kenyan flower export | JASM Flowers	Over JASM: Keniaanse bloemenexport | JASM Flowers
Add to quote	Aan offerte toevoegen
Added	Toegevoegd
Additional flowers	Aanvullende bloemen
Additional flowers 1	Aanvullende bloemen 1
Additional flowers 2	Aanvullende bloemen 2
Additional flowers 3	Aanvullende bloemen 3
Additional flowers 4	Aanvullende bloemen 4
Airport or delivery address	Luchthaven of afleveradres
Airports	Luchthavens
Airports: Nairobi JKIA, Amsterdam Schiphol, Liège.	Luchthavens: Nairobi JKIA, Amsterdam Schiphol, Luik.
Airside at JKIA	Airside op JKIA
Airy sprays of small papery flowers on a branched stem, graded so every bunch carries the same spray weight.	Luchtige trossen kleine papierachtige bloemen op een vertakte steel, gesorteerd zodat elke bos hetzelfde trosgewicht heeft.
All	Alles
All 15 lines	Alle 15 lijnen
All shipping detail	Alle verzenddetails
Altitude does<br>the work	Hoogte doet<br>het werk
Amsterdam Schiphol and Liege as standard, then trucked onward across Europe. Other airports on request where the volume supports a direct build.	Standaard Amsterdam Schiphol en Luik, daarna per vrachtwagen verder door Europa. Andere luchthavens op verzoek, als het volume een directe opbouw draagt.
Amsterdam Schiphol and Liege as standard, with onward trucking across Europe. Other airports on request if the volume supports it.	Standaard Amsterdam Schiphol en Luik, met vervoer over de weg verder door Europa. Andere luchthavens op verzoek, als het volume dat draagt.
Amsterdam or Liege. Cleared and moved into a cold store the same morning.	Amsterdam of Luik. Diezelfde ochtend ingeklaard en de koelcel in.
Antique blue	Antiekblauw
Antique blue, Sage green, Blush, White	Antiekblauw, Saliegroen, Blush, Wit
Anything else we should know?	Nog iets dat wij moeten weten?
Anything off spec does not travel. It is cheaper to leave a bunch in Nairobi than to credit a box in Rotterdam.	Wat buiten de specificatie valt, gaat niet mee. Een bos in Nairobi laten staan is goedkoper dan een doos in Rotterdam crediteren.
Anything you added from the catalogue is already selected here.	Wat u in de catalogus hebt toegevoegd staat hier al aangevinkt.
Apr	Apr
Apr: available	Apr: beschikbaar
Apr: peak	Apr: piek
Apricot	Abrikoos
As soon as possible	Zo snel mogelijk
Ask and you get a photo of your own pallet before it leaves.	Vraag het en u krijgt een foto van uw eigen pallet voordat die vertrekt.
Ask on WhatsApp	Vraag het via WhatsApp
Aug	Aug
Aug: available	Aug: beschikbaar
Aug: peak	Aug: piek
Availability	Beschikbaarheid
Availability by month	Beschikbaarheid per maand
Availability by month, January to December	Beschikbaarheid per maand, januari tot december
Availability calendar	Beschikbaarheidskalender
Availability, month by month	Beschikbaarheid, maand voor maand
Available	Beschikbaar
Available through our grower network and packed on the same airway bill, so one bouquet costs one freight minimum.	Beschikbaar via ons telersnetwerk en verpakt op dezelfde vrachtbrief, zodat een boeket u een vrachtminimum kost.
Back to home	Terug naar home
Belgium	België
Between Naivasha and the slopes of Mount Kenya the days are bright and the nights drop close to ten degrees. That swing slows the plant, which gives a tighter head, a thicker neck and a deeper colour.	Tussen Naivasha en de hellingen van Mount Kenya zijn de dagen helder en zakken de nachten naar bijna tien graden. Dat verschil remt de plant af, en dat geeft een strakkere kop, een dikkere nek en een diepere kleur.
Bi-colour	Tweekleurig
Blue	Blauw
Blue, Deep violet, White, Lilac	Blauw, Dieppaars, Wit, Lila
Blush	Blush
Blush, Apricot, Ivory, Dusty pink	Blush, Abrikoos, Ivoor, Oudroze
Blush, Cream, Peach, Soft coral	Blush, Creme, Perzik, Zacht koraal
Bouquet maker	Boeketmaker
Box counts are a guide for a standard full box. Actual counts depend on stem length and cut stage, and are confirmed on your order confirmation. Bunch weight, stem length and cut stage can all be set to your own programme.	De aantallen per doos zijn een richtlijn voor een standaard volle doos. Het werkelijke aantal hangt af van steellengte en snijstadium en wordt bevestigd op uw orderbevestiging. Bosgewicht, steellengte en snijstadium kunnen allemaal op uw eigen programma worden gezet.
Box counts are a guide for a standard full box. Actual counts depend on stem length and cut stage, and go on your order confirmation.	De aantallen per doos zijn een richtlijn voor een standaard volle doos. Het werkelijke aantal hangt af van steellengte en snijstadium en staat op uw orderbevestiging.
Box sizes	Doosmaten
Boxes, minimums and terms	Dozen, minimums en voorwaarden
Breadcrumb	Kruimelpad
Bronze	Brons
Built by	Gebouwd door
Bunch	Bos
Buyer enquiry	Inkoopaanvraag
Buyer type	Type inkoper
By weight	Op gewicht
By weight, full and half box	Op gewicht, volle en halve doos
Can we get our own grading spec?	Kunnen wij onze eigen sorteerspecificatie krijgen?
Carnations	Anjers
Carnations from JASM Flowers	Anjers van JASM Flowers
Catalogue	Catalogus
Catalogue &amp;<br><em>specification sheet</em>	Catalogus &amp;<br><em>specificatieblad</em>
Catalogue PDF	Catalogus-PDF
Certification	Certificering
Chrysanthemum indicum	Chrysanthemum indicum
Chrysanthemum indicum &middot; Spray &amp; disbud	Chrysanthemum indicum &middot; Tros &amp; geplozen
Chrysanthemums	Chrysanten
Chrysanthemums from JASM Flowers	Chrysanten van JASM Flowers
Claims	Claims
Claims window: 24 hours from arrival, with photos.	Claimtermijn: 24 uur na aankomst, met fotos.
Clear	Wissen
Close on quality and export prep	Dicht op kwaliteit en exportvoorbereiding
Cold chain	Koelketen
Cold chain unbroken at 2 to 4 &deg;C; delivery day confirmed on your order.	Koelketen onafgebroken op 2 tot 4 &deg;C; leverdag bevestigd op uw order.
Colours	Kleuren
Company	Bedrijf
Concept note for the client: confirm which of these certificates JASM and each nominated farm actually hold today, and we will put the certificate numbers and expiry dates on this page. Until then this list should be read as the target standard, not a claim.	Notitie voor de klant: bevestig welke van deze certificaten JASM en elke aangewezen kwekerij vandaag echt hebben, dan zetten wij de certificaatnummers en vervaldata op deze pagina. Tot die tijd is deze lijst de beoogde norm, geen claim.
Confirmed by Monday flies the same week. For a weekly standing order we work two weeks ahead so the crop is planned in advance.	Bevestigd op maandag vliegt dezelfde week. Voor een wekelijkse vaste order werken we twee weken vooruit, zodat het gewas vooraf gepland is.
Consistency	Constantheid
Consistent quality. Reliable supply. Grown in Kenya for professional flower buyers.	Constante kwaliteit. Betrouwbare aanvoer. Geteeld in Kenia voor professionele bloemeninkopers.
Contact	Contact
Cool nights and high light give a tighter head, a stronger neck and a deeper colour.	Koele nachten en veel licht geven een strakkere kop, een sterkere nek en een diepere kleur.
Cool nights give a tighter head, thicker neck, deeper colour.	Koele nachten geven een strakkere kop, dikkere nek, diepere kleur.
Cooler and higher. Eucalyptus, delphinium, hydrangea and the roses that need real altitude to build a head worth selling.	Koeler en hoger. Eucalyptus, delphinium, hortensia en de rozen die echte hoogte nodig hebben om een kop te bouwen die het verkopen waard is.
Core	Kern
Core product	Kernproduct
Core products	Kernproducten
Core programme	Kernprogramma
Country	Land
Cream	Creme
Cut	Snijden
Cut at the mature antique stage so the head travels and holds shape.	Gesneden in het rijpe antiekstadium, zodat de kop de reis doorstaat en zijn vorm houdt.
Cut stage, your own grading spec, packaging or labelling requirements...	Snijstadium, uw eigen sorteerspecificatie, eisen aan verpakking of labels...
Cut the morning after the order, graded and bunched the same day.	Gesneden de ochtend na de order, dezelfde dag gesorteerd en gebost.
Cut to order	Op order gesneden
Cut to your order and graded against your spec: stem length, bunch weight, stem count and cut stage, checked before anything is bunched.	Op uw order geknipt en gesorteerd op uw spec: steellengte, bosgewicht, aantal stelen en snijstadium, gecontroleerd voordat er iets gebost wordt.
Cut-off and transit	Orderstop en transit
D	D
David Austin	David Austin
David Austin from JASM Flowers	David Austin van JASM Flowers
Day 0, 06:00	Dag 0, 06:00
Day 0, 09:00	Dag 0, 09:00
Day 0, 10:00	Dag 0, 10:00
Day 0, 16:00	Dag 0, 16:00
Day 0, 23:00	Dag 0, 23:00
Day 1, morning	Dag 1, ochtend
Dec	Dec
Dec: available	Dec: beschikbaar
Dec: peak	Dec: piek
Deep purple	Dieppaars
Deep violet	Diepviolet
Deliver	Leveren
Delivered	Geleverd
Delivery location	Afleverlocatie
Delphinium elatum	Delphinium elatum
Delphinium elatum &middot; Larkspur	Delphinium elatum &middot; Ridderspoor
Delphiniums	Delphinium
Delphiniums from JASM Flowers	Delphinium van JASM Flowers
Dianthus caryophyllus	Dianthus caryophyllus
Dianthus caryophyllus &middot; Multi head	Dianthus caryophyllus &middot; Meerbloemig
Dianthus caryophyllus &middot; Single standard	Dianthus caryophyllus &middot; Grootbloemig
Direct. Your box is built for you and flown to you. Nothing goes through the clock, which saves a day of handling and a margin.	Direct. Uw doos wordt voor u samengesteld en naar u gevlogen. Er gaat niets over de klok, dat scheelt een dag handling en een marge.
Do you ship direct or through the Dutch auction?	Verzendt u rechtstreeks of via de Nederlandse veiling?
Do you supply dyed or tinted flowers?	Levert u geverfde of getinte bloemen?
Download the catalogue (PDF)	Download de catalogus (PDF)
Dusty pink	Oudroze
Dyed to order	Geverfd op order
Email	E-mail
Eryngium	Eryngium
Eryngium from JASM Flowers	Eryngium van JASM Flowers
Eryngium planum	Eryngium planum
Eryngium planum &middot; Sea holly	Eryngium planum &middot; Kruisdistel
Estimated volume	Geschat volume
Eucalyptus	Eucalyptus
Eucalyptus cinerea / polyanthemos	Eucalyptus cinerea / polyanthemos
Eucalyptus cinerea / polyanthemos &middot; Baby Blue &amp; Silver Dollar	Eucalyptus cinerea / polyanthemos &middot; Baby Blue &amp; Silver Dollar
Eucalyptus from JASM Flowers	Eucalyptus van JASM Flowers
Eucalyptus grown in Kenya for JASM Flowers	Eucalyptus, geteeld in Kenia voor JASM Flowers
Europe	Europa
European retail requires a paper trail. These are the schemes our programme is built to.	De Europese retail vraagt om een papieren spoor. Dit zijn de schema's waarop ons programma is gebouwd.
Event and wedding florist	Event- en bruidsbloemist
F	F
FOB Nairobi or CIF destination airport. Delivered options through our forwarder on request. The terms go on every order confirmation, in writing.	FOB Nairobi of CIF luchthaven van bestemming. Geleverde condities via onze expediteur op verzoek. De voorwaarden staan schriftelijk op elke orderbevestiging.
Feb	Feb
Feb: available	Feb: beschikbaar
Feb: peak	Feb: piek
Fifteen lines on one airway bill. The specs below are the standard pack; stem length, bunch weight and cut stage can be set to your own programme.	Vijftien soorten op een vrachtbrief. De specificaties hieronder zijn de standaardverpakking; steellengte, bosgewicht en snijstadium kunnen op uw eigen programma worden gezet.
Filler	Vulbloem
Fillers, foliage and roses on one airway bill, so one bouquet costs one freight minimum.	Vulbloemen, groen en rozen op een vrachtbrief, zodat een boeket u een vrachtminimum kost.
Filter by type	Filter op soort
Five steps, from the plan we agree to the box at your cold store.	Vijf stappen, van het plan dat we afspreken tot de doos in uw koelcel.
Florist	Bloemist
Flower	Bloem
Flower boxes loaded onto a freighter aircraft at night	Bloemendozen die s nachts in een vrachtvliegtuig worden geladen
Flower catalogue: 15 lines from Kenya | JASM Flowers	Bloemencatalogus: 15 lijnen uit Kenia | JASM Flowers
Flower export boxes stacked in a refrigerated cold room	Exportdozen met bloemen gestapeld in een gekoelde cel
Flowers required	Gewenste bloemen
Flown to Amsterdam or Liege on a temperature-controlled route and trucked onward to your cold store, with the temperature log travelling with the shipment.	Naar Amsterdam of Luik gevlogen op een temperatuurgestuurde route en verder gereden naar uw koelcel, met de temperatuurlog bij de zending.
Foliage	Groen
France	Frankrijk
Freight	Vracht
Freight rates move with fuel and season, so we quote them per shipment. Ask and you get the current rate the same day.	Vrachttarieven bewegen mee met brandstof en seizoen, daarom offreren wij ze per zending. Vraag het en u krijgt het actuele tarief dezelfde dag.
Friday	vrijdag
Full and half boxes, mixed lines on one airway bill.	Volle en halve dozen, gemengde lijnen op een vrachtbrief.
Full box, half box and quarter box. A full box is the standard flower carton for air freight and holds roughly 10 to 12 kg of product depending on the line.	Volle doos, halve doos en kwartdoos. Een volle doos is de standaard bloemendoos voor luchtvracht en houdt ruwweg 10 tot 12 kg product, afhankelijk van de lijn.
Full catalogue	Volledige catalogus
Full colour range	Volledig kleurenpalet
Full colour range, Novelty &amp; bicolour	Volledig kleurenpalet, Novelty &amp; tweekleurig
Full length checked against your spec before bunching	Volledige lengte gecontroleerd op uw specificatie voor het bossen
Full specification, all 15 lines	Volledige specificatie, alle 15 lijnen
Garden Roses	Tuinrozen
Garden Roses from JASM Flowers	Tuinrozen van JASM Flowers
Germany	Duitsland
Get in touch	Neem contact op
Golden yellow	Goudgeel
Golden yellow, Tinted	Goudgeel, Getint
Graded against your written spec, an hour after the cut	Gesorteerd op uw eigen specificatie, een uur na het snijden
Graded against<br>your spec	Gesorteerd op<br>uw specificatie
Graded and bunched	Gesorteerd en gebost
Graded to the same written spec as a standing order	Gesorteerd op dezelfde schriftelijke spec als een vast order
Graded to your specification	Gesorteerd op uw specificatie
Graders bunching cut flowers on stainless tables in the JASM packhouse	Sorteerders bossen gesneden bloemen op rvs tafels in de packhouse van JASM
Grading and bunching flowers in the packhouse	Bloemen sorteren en bossen in het pakstation
Green	Groen
Grow	Telen
Grower and exporter of Kenyan summer flowers, foliage and roses to Europe.	Kweker en exporteur van Keniaanse zomerbloemen, groen en rozen naar Europa.
Growing partners	Teeltpartners
Grown at 1,800 to 2,400 metres	Gekweekt op 1.800 tot 2.400 meter
Grown in Kenya &middot; Flown to Europe	Gekweekt in Kenia &middot; Gevlogen naar Europa
Grown to a written specification	Geteeld op een schriftelijke specificatie
Gypsophila	Gypsophila
Gypsophila from JASM Flowers	Gypsophila van JASM Flowers
Gypsophila paniculata	Gypsophila paniculata
Gypsophila paniculata &middot; Baby's breath	Gypsophila paniculata &middot; Gipskruid
Handed to the airline in a temperature-controlled build-up area, on the night freighter.	Overgedragen aan de luchtvaartmaatschappij in een geconditioneerde opbouwruimte, mee met de nachtvracht.
Harvest &amp; grade	Oogsten &amp; sorteren
Hello JASM Flowers, I would like a quote.	Hallo JASM Flowers, ik wil graag een offerte.
Hello JASM Flowers, I would like to arrange a trial order.	Hallo JASM Flowers, ik wil graag een proefzending regelen.
Home	Home
How an order runs	Hoe een order loopt
How flowers get from a Kenyan field to a European cold store: cut to order, pre-cooled within the hour, night freighter from Nairobi to Amsterdam or Liege on an unbroken cold chain.	Hoe bloemen van een Keniaans veld naar een Europese koelcel gaan: op order geknipt, binnen het uur voorgekoeld, nachtvracht van Nairobi naar Amsterdam of Luik in een onafgebroken koelketen.
How is the cold chain protected?	Hoe wordt de koelketen beschermd?
How long from order to delivery?	Hoe lang duurt het van order tot levering?
How we reach you	Hoe we u bereiken
How we work	Zo werken we
Hydrangea macrophylla	Hydrangea macrophylla
Hydrangea macrophylla &middot; Mophead	Hydrangea macrophylla &middot; Bolhortensia
Hydrangeas	Hortensia
Hydrangeas from JASM Flowers	Hortensia van JASM Flowers
Incoterms	Incoterms
Into the cold room at 2 to 4 C within an hour of cutting. Vase life is won here.	Binnen een uur na het snijden de koelcel in op 2 tot 4 C. Hier wordt het vaasleven gewonnen.
It is why a Kenyan stem still looks fresh on day six in a Dutch shop, and why we buy above 1,800 metres even when a lower farm quotes less.	Daarom staat een Keniaanse steel op dag zes nog fris in een Nederlandse winkel, en daarom kopen wij boven 1.800 meter, ook als een lager bedrijf minder vraagt.
Italy	Italië
Ivory	Ivoor
Ivory, Peach, Blush, Soft pink	Ivoor, Perzik, Blush, Zachtroze
J	J
JASM Flowers	JASM Flowers
JASM Flowers catalogue and specification sheet	Catalogus en specificatieblad van JASM Flowers
JASM Flowers home	JASM Flowers home
JASM Flowers is a Kenyan flower export business connecting selected growers with professional international buyers.	JASM Flowers is een Keniaans bloemenexportbedrijf dat geselecteerde telers verbindt met professionele internationale inkopers.
JASM Flowers is a Kenyan flower export business connecting selected growers with professional international buyers. Quality, consistency, transparency and long-term partnerships.	JASM Flowers is een Keniaans bloemenexportbedrijf dat geselecteerde telers verbindt met professionele internationale inkopers. Kwaliteit, constantheid, transparantie en langdurige partnerschappen.
Jan	Jan
Jan: available	Jan: beschikbaar
Jan: peak	Jan: piek
Jouw Ideale Website	Jouw Ideale Website
Jul	Jul
Jul: available	Jul: beschikbaar
Jul: limited	Jul: beperkt
Jul: peak	Jul: piek
Jun	Jun
Jun: available	Jun: beschikbaar
Jun: limited	Jun: beperkt
Jun: peak	Jun: piek
Just pricing for now	Voorlopig alleen prijzen
Kenya grows through the European winter, when local supply stops. Peak marks the months we can take large standing volume at the best grade.	Kenia produceert door de Europese winter heen, wanneer de lokale aanvoer stopt. Piek staat voor de maanden waarin we groot vast volume aankunnen op de beste sortering.
Kenya to Europe,<br>cold the whole way	Kenia naar Europa,<br>de hele weg gekoeld
Kenya to Europe,<br>on a cold chain we control	Kenia naar Europa,<br>in een koelketen die we bewaken
Kenyan highland flower farm at sunrise	Bloemenkwekerij in het Keniaanse hoogland bij zonsopgang
Lakeside blocks on volcanic soil. The main solidago, limonium and statice ground, and the reason filler volume holds all year.	Percelen aan het meer op vulkanische grond. De belangrijkste grond voor solidago, limonium en statice, en de reden dat het volume aan vulbloemen het hele jaar op peil blijft.
Lands in Europe	Landt in Europa
Language	Taal
Large single head on a strong node, sleeved per bunch.	Grote enkele kop op een stevige knoop, per bos gehoesd.
Lavender	Lavendel
Lavender, Deep purple, White	Lavendel, Dieppaars, Wit
Length and bunch weight checked against your written spec. Anything off spec is left behind.	Lengte en bosgewicht gecontroleerd op uw schriftelijke specificatie. Wat buiten de specificatie valt, blijft achter.
Lengths	Lengtes
Licensed Austin varieties from nominated farms, deeply cupped rosette form.	Gelicentieerde Austin-soorten van aangewezen kwekerijen, diep komvormige rozetvorm.
Lilac	Lila
Limited or out of season	Beperkt of buiten het seizoen
Limited, ask first	Beperkt, eerst vragen
Limonium	Limonium
Limonium from JASM Flowers	Limonium van JASM Flowers
Limonium grown in Kenya for JASM Flowers	Limonium, geteeld in Kenia voor JASM Flowers
Limonium perezii / latifolium	Limonium perezii / latifolium
Limonium perezii / latifolium &middot; Sea lavender, misty	Limonium perezii / latifolium &middot; Zeelavendel, misty
Limonium sinuatum	Limonium sinuatum
Limonium sinuatum &middot; Winged statice	Limonium sinuatum &middot; Statice
Line	Lijn
Lines, lengths, weekly volume and your landing airport. A quote and a trial box follow inside one working day.	Lijnen, lengtes, weekvolume en uw luchthaven van aankomst. Een offerte en een proefdoos volgen binnen een werkdag.
Long-term partnerships	Langdurige partnerschappen
M	M
Main	Hoofd
Many petalled cupped blooms cut at a stage that opens on arrival.	Veelbladige komvormige bloemen, gesneden in een stadium dat bij aankomst opengaat.
Mar	Mrt
Mar: available	Mrt: beschikbaar
Mar: peak	Mrt: piek
Markets	Markten
Markets we ship to	Markten waar wij naartoe verzenden
May	Mei
May: available	Mei: beschikbaar
May: peak	Mei: piek
Menu	Menu
Middle East	Midden-Oosten
Million Star and Xlence types, cut at 60 to 70 percent open.	Types Million Star en Xlence, gesneden op 60 tot 70 procent open.
Minimum order	Minimumafname
Mix up to three lines in one shipment	Combineer tot drie soorten in een zending
Mixed	Gemengd
Monday	maandag
More varieties	Meer soorten
Most Kenyan flowers reach a European florist through three or four hands: farm, exporter, auction, wholesaler. Every hand adds a day and a margin.	De meeste Keniaanse bloemen bereiken een Europese bloemist via drie of vier handen: kwekerij, exporteur, veiling, groothandel. Elke hand kost een dag en een marge.
Most vase life is lost before a flower leaves the country of origin. Here is what happens to your stems between the field and your cold store.	Het meeste vaasleven gaat verloren voordat een bloem het land van herkomst verlaat. Dit gebeurt er met uw stelen tussen het veld en uw koelcel.
Mount Kenya, 2,100&ndash;2,400 m	Mount Kenya, 2.100&ndash;2.400 m
N	N
Nairobi, Kenya	Nairobi, Kenia
Naivasha, around 1,900 m	Naivasha, rond 1.900 m
Name	Naam
Netherlands	Nederland
Netherlands &middot; Germany &middot; United Kingdom &middot; France &middot; Belgium &middot; Italy &middot; Spain &middot; Poland &middot; Scandinavia &middot; Middle East	Nederland &middot; Duitsland &middot; Verenigd Koninkrijk &middot; Frankrijk &middot; België &middot; Italië &middot; Spanje &middot; Polen &middot; Scandinavië &middot; Midden-Oosten
Next	Volgende
Next season	Volgend seizoen
No items yet	Nog niets geselecteerd
Not ready for a regular programme yet? Start with a trial order and experience our quality, packing and service before moving to a regular supply programme.	Nog niet toe aan een vast programma? Begin met een proefzending en ervaar onze kwaliteit, verpakking en service voordat u overgaat op een vast leveringsprogramma.
Notes	Opmerkingen
Nov	Nov
Nov: available	Nov: beschikbaar
Nov: peak	Nov: piek
Novelty &amp; bicolour	Novelty &amp; tweekleurig
Nyandarua, 2,400 m	Nyandarua, 2.400 m
O	O
Oct	Okt
Oct: available	Okt: beschikbaar
Oct: peak	Okt: piek
On to you	Naar u toe
One named contact	Een vaste contactpersoon
One partner, the whole list	Een partner, de hele lijst
Open field rows of solidago on a partner farm in the Kenyan highlands	Rijen solidago in het open veld op een partnerkwekerij in de Keniaanse hooglanden
Order confirmed by Monday flies the same week. Nairobi to Amsterdam is a night flight, and your delivery day is confirmed on the order.	Order bevestigd op maandag vliegt dezelfde week. Nairobi naar Amsterdam is een nachtvlucht, en uw leverdag staat op de orderbevestiging.
Order cut-off 14:00 East Africa Time, working days.	Orderstop 14:00 Oost-Afrikaanse tijd, op werkdagen.
Order deadline	Orderstop
Ordering	Bestellen
Other	Anders
Our core products	Onze kernproducten
Our growing partners	Onze teeltpartners
Our largest programme. Dense, feathery plumes on a strong straight stem, cut at the stage that travels and opens in the vase.	Ons grootste programma. Dichte, veerachtige pluimen op een stevige rechte steel, gesneden op het stadium dat reist en op de vaas opengaat.
Out of Nairobi JKIA that night, in Europe from 04:00 the next morning.	Diezelfde nacht weg vanaf Nairobi JKIA, vanaf 04:00 de volgende ochtend in Europa.
Out of Nairobi to Amsterdam or Liege, then onward across Europe to your cold store. Nothing goes through the Dutch clock, which saves a day of handling and a margin.	Vanuit Nairobi naar Amsterdam of Luik, en verder door Europa naar uw koelcel. Er gaat niets over de Nederlandse klok, dat scheelt een dag handling en een marge.
Pack &amp; export	Verpakken &amp; exporteren
Packed	Verpakt
Packing &amp; specs	Verpakking &amp; specificaties
Page not found | JASM Flowers	Pagina niet gevonden | JASM Flowers
Page not found.	Pagina niet gevonden.
Pallets of sealed flower boxes inside a cold room at two degrees	Pallets met gesloten bloemendozen in een koelcel van twee graden
Papery clustered blooms on a winged stem, in single colours or a graded mix.	Papierachtige bloemtrossen op een gevleugelde steel, in enkele kleuren of een gesorteerde mix.
Peach	Perzik
Peak volume	Piekvolume
Per box	Per doos
Per bunch	Per bos
Per full box	Per volle doos
Phone	Telefoon
Phone or WhatsApp	Telefoon of WhatsApp
Photos before shipment	Foto's voor verzending
Photos of your pallet before it flies, on request.	Fotos van uw pallet voordat die vliegt, op verzoek.
Photos of your pallet before it ships	Foto's van uw pallet voordat die verzonden wordt
Photos within 24 hours of arrival and we credit or replace on the next flight.	Foto's binnen 24 uur na aankomst en wij crediteren of leveren na op de volgende vlucht.
Pink	Roze
Placeholder - client to confirm	Plaatshouder - nog te bevestigen door de klant
Plan	Plannen
Poland	Polen
Powder blue	Poederblauw
Powder blue, Silver green	Poederblauw, Zilvergroen
Pre-cooled	Voorgekoeld
Pre-cooled within an hour of cutting, sealed into pre-chilled boxes, held at 2 to 4 C airside and in the aircraft hold. Temperature is logged and the log travels with the shipment.	Binnen een uur na het snijden voorgekoeld, gesloten in voorgekoelde dozen, gehouden op 2 tot 4 C airside en in het ruim. De temperatuur wordt gelogd en het log reist mee met de zending.
Pre-cooled within the hour and held there to your door	Binnen het uur voorgekoeld en zo gehouden tot aan uw deur
Pre-cooled within the hour of cutting, sealed into pre-chilled boxes and held at 2 to 4 degrees through the export process, with the temperature logged. Your delivery day is confirmed on the order.	Binnen een uur na het snijden voorgekoeld, gesloten in voorgekoelde dozen en het hele exportproces op 2 tot 4 graden gehouden, met de temperatuur gelogd. Uw leverdag staat op de orderbevestiging.
Pre-cooled within the hour, sealed into pre-chilled boxes with your labels and prepared for export out of Nairobi. Pallet photos on request.	Binnen het uur voorgekoeld, gesloten in voorgekoelde dozen met uw etiketten en klaargemaakt voor export vanuit Nairobi. Palletfoto's op verzoek.
Premium Kenyan summer flowers &amp; foliage | JASM Flowers	Premium Keniaanse zomerbloemen &amp; groen | JASM Flowers
Premium Kenyan summer<br>flowers <em>&amp; foliage</em>	Premium Keniaanse zomer<br>bloemen <em>&amp; groen</em>
Premium single head roses and multi-head spray roses from partner farms at 1,800 to 2,400 m. Head size graded per length.	Premium grootbloemige rozen en meerbloemige trosrozen van partnerkwekerijen op 1.800 tot 2.400 m. Kopgrootte gesorteerd per lengte.
Previous	Vorige
Product	Product
Purple	Paars
Purple, White, Apricot, Yellow, Rose, Mixed	Paars, Wit, Abrikoos, Geel, Rose, Gemengd
Quality	Kwaliteit
Quality control	Kwaliteitscontrole
Questions buyers ask first	Vragen die inkopers als eerste stellen
Quote list	Offertelijst
Quote request	Offerteaanvraag
Quote request via	Offerteaanvraag via
Red	Rood
Red, White, Blush, Peach, Bi-colour, Tinted	Rood, Wit, Blush, Perzik, Tweekleurig, Getint
Request a quote	Offerte aanvragen
Request a quote | JASM Flowers	Offerte aanvragen | JASM Flowers
Request a trial box	Vraag een proefdoos aan
Request quote	Offerte aanvragen
Retail / supermarket	Retail / supermarkt
Rosa (Austin selections)	Rosa (Austin-selecties)
Rosa (Austin selections) &middot; English garden roses	Rosa (Austin-selecties) &middot; Engelse tuinrozen
Rosa hybrida	Rosa hybrida
Rosa hybrida &middot; Multi head garden	Rosa hybrida &middot; Meerbloemige tuinroos
Rosa hybrida &middot; Open cupped	Rosa hybrida &middot; Open komvorm
Rosa hybrida &middot; Premium &amp; spray	Rosa hybrida &middot; Premium &amp; tros
Rose	Roos
Roses &amp; Spray Roses	Rozen &amp; trosrozen
Roses &amp; Spray Roses from JASM Flowers	Rozen &amp; trosrozen van JASM Flowers
Rows of solidago and limonium on a Kenyan highland flower farm at sunrise	Rijen solidago en limonium op een bloemenkwekerij in het Keniaanse hoogland bij zonsopgang
S	S
Sage green	Saliegroen
Santini, daisy and disbud forms depending on the programme.	Santini-, madeliefje- en geplozen vormen, afhankelijk van het programma.
Saturday	zaterdag
Scandinavia	Scandinavië
Sealed into pre-chilled boxes with your labels. Photo of the pallet on request before it moves.	Gesloten in voorgekoelde dozen met uw etiketten. Foto van de pallet op verzoek voordat die vertrekt.
See the catalogue	Bekijk de catalogus
Selected Kenyan growers produce to that plan on our written specification, and we stay close to the crop through the season.	Geselecteerde Keniaanse telers produceren volgens dat plan op onze schriftelijke specificatie, en wij blijven het hele seizoen dicht bij het gewas.
Selected Kenyan growers, working to our written specification.	Geselecteerde Keniaanse telers, werkend op onze schriftelijke specificatie.
Selected growers,<br>professional buyers	Geselecteerde telers,<br>professionele inkopers
Send a list, get a quote inside one working day.	Stuur een lijst, krijg binnen een werkdag een offerte.
Send by email	Verstuur per e-mail
Send on WhatsApp	Verstuur via WhatsApp
Send photos within 24 hours of arrival and we credit or replace on the next flight. The claim window and the terms go on every order confirmation.	Stuur fotos binnen 24 uur na aankomst en wij crediteren of vervangen met de eerstvolgende vlucht. De claimtermijn en de voorwaarden staan op elke orderbevestiging.
Send us a list.<br>We send back a price.	Stuur ons een lijst.<br>Wij sturen een prijs terug.
Send us your list and we send back a price.	Stuur ons uw lijst en wij sturen een prijs terug.
Send your list of lines, lengths and weekly volume. Written quote with grade, pack and freight inside one working day.	Stuur uw lijst met lijnen, lengtes en weekvolume. Schriftelijke offerte met sortering, verpakking en vracht binnen een werkdag.
Sep	Sep
Sep: available	Sep: beschikbaar
Sep: peak	Sep: piek
Seven steps, one unbroken<br>temperature line	Zeven stappen, een ononderbroken<br>temperatuurlijn
Several cupped garden blooms per stem, cut open.	Meerdere komvormige tuinbloemen per steel, open gesneden.
Shipping	Verzending
Shipping questions	Vragen over verzending
Shipping, packing and cold chain | JASM Flowers	Verzending, verpakking en koelketen | JASM Flowers
Silver	Zilver
Silver green	Zilvergroen
Skip to content	Naar de inhoud
Soft coral	Zacht koraal
Soft pink	Zachtroze
Solidago	Solidago
Solidago and eucalyptus are our core products. Limonium runs alongside them as an additional core programme product.	Solidago en eucalyptus zijn onze kernproducten. Limonium loopt daarnaast mee als aanvullend kernproduct in het programma.
Solidago and eucalyptus lead the programme and the season is planned around them. Limonium runs alongside as an additional core programme product.	Solidago en eucalyptus voeren het programma aan en het seizoen wordt om hen heen gepland. Limonium loopt daarnaast mee als aanvullend kernprogrammaproduct.
Solidago and eucalyptus, plus limonium	Solidago en eucalyptus, plus limonium
Solidago at bud stage in the field, Kenyan highlands	Solidago in knopstadium in het veld, Keniaanse hooglanden
Solidago canadensis	Solidago canadensis
Solidago canadensis &middot; Goldenrod	Solidago canadensis &middot; Guldenroede
Solidago from JASM Flowers	Solidago van JASM Flowers
Solidago grown in Kenya for JASM Flowers	Solidago, geteeld in Kenia voor JASM Flowers
Solidago in full bloom on a partner farm in the Kenyan highlands	Solidago in volle bloei op een partnerkwekerij in de Keniaanse hooglanden
Solidago, eucalyptus and limonium grown in Kenya for professional flower buyers across Europe. Consistent quality, reliable supply, cut to order and graded to your specification.	Solidago, eucalyptus en limonium, geteeld in Kenia voor professionele bloemeninkopers in heel Europa. Constante kwaliteit, betrouwbare levering, op order geknipt en gesorteerd op uw specificatie.
Solidago, eucalyptus, limonium, gypsophila, carnations, statice, chrysanthemums, hydrangeas, delphiniums, eryngium and roses. Lengths, bunch specs and month by month availability.	Solidago, eucalyptus, limonium, gypsophila, anjers, statice, chrysanten, hortensia, delphinium, eryngium en rozen. Lengtes, bosspecificaties en beschikbaarheid per maand.
Spain	Spanje
Specification sheet	Specificatieblad
Specifications are the standard pack and are subject to season and confirmation on the order. This sheet supersedes earlier versions.	De specificaties zijn de standaardverpakking en zijn afhankelijk van het seizoen en van bevestiging op de order. Dit blad vervangt eerdere versies.
Specs for every line	Specificaties voor elke lijn
Spiky metallic bracts on a branched stem.	Stekelige metallic schutbladen op een vertakte steel.
Spray Carnations	Trosanjers
Spray Carnations from JASM Flowers	Trosanjers van JASM Flowers
Spray Garden Roses	Tros-tuinrozen
Spray Garden Roses from JASM Flowers	Tros-tuinrozen van JASM Flowers
Start	Start
Start with a trial	Begin met een proefzending
Statice	Statice
Statice from JASM Flowers	Statice van JASM Flowers
Steel blue	Staalblauw
Steel blue, Silver	Staalblauw, Zilver
Stem length / specification	Steellengte / specificatie
Stem length, bunch weight and cut stage are set per customer and checked before the box closes.	Steellengte, bosgewicht en snijstadium worden per klant vastgelegd en gecontroleerd voordat de doos dichtgaat.
Stem length, bunch weight, stem count and cut stage are agreed up front and shared with the grower, so the spec is set before the crop is planted.	Steellengte, bosgewicht, aantal stelen en snijstadium worden vooraf afgesproken en met de teler gedeeld, zodat de specificatie vastligt voordat het gewas geplant wordt.
Stems cut in the cool of the morning, straight into clean water with a hydration treatment.	Stelen gesneden in de koelte van de ochtend, direct in schoon water met een hydratatiemiddel.
Sunday	zondag
Tall dense spires, packed upright to protect the florets.	Hoge dichte aren, rechtop verpakt om de bloemetjes te beschermen.
Tell us the lines, the lengths and the weekly volume. You get a written price with grade, pack and freight inside one working day.	Geef ons de soorten, de lengtes en het weekvolume. U krijgt binnen een werkdag een schriftelijke prijs met sortering, verpakking en vracht.
Tell us the lines, the lengths and the weekly volume. You get a written quote with grade, pack and freight inside one working day.	Geef ons de soorten, de lengtes en het weekvolume. U krijgt binnen een werkdag een schriftelijke offerte met sortering, verpakking en vracht.
That link no longer works. Try the catalogue.	Die link werkt niet meer. Probeer de catalogus.
That page has<br>been cut	Die pagina is<br>weggesneden
The catalogue	De catalogus
The form stores nothing. It writes your enquiry into an email or a WhatsApp message in your own app, so you can see what goes out and keep a copy.	Het formulier slaat niets op. Het zet uw aanvraag in een e-mail of WhatsApp-bericht in uw eigen app, zodat u ziet wat er uitgaat en zelf een kopie houdt.
The house standard. Every figure can be changed to your own programme and written into the order, and that is what the packhouse checks against.	De huisstandaard. Elk getal kan op uw eigen programma worden aangepast en in de order worden vastgelegd, en daar controleert de packhouse op.
Three to five open blooms per stem with buds to follow.	Drie tot vijf open bloemen per steel met knoppen die volgen.
Thursday	donderdag
Tinted	Getint
Tinted to your colour reference	Getint op uw kleurreferentie
Transparency	Transparantie
Trial order	Proefzending
Trial order first	Eerst een proefzending
Trucked to you refrigerated, with the temperature log from the whole journey. Your delivery day is confirmed on the order.	Gekoeld naar u toe gereden, met het temperatuurlogboek van de hele reis. Uw leverdag wordt op de order bevestigd.
Tuesday	dinsdag
Two distinct lines. Baby Blue gives small round powder-blue leaves on a fine stem. Silver Dollar gives the large coin leaf for structure and volume.	Twee duidelijk verschillende lijnen. Baby Blue geeft kleine ronde poederblauwe blaadjes op een fijne steel. Silver Dollar geeft het grote muntblad voor structuur en volume.
Two regions, deliberately	Twee regio's, met opzet
Type	Type
United Kingdom	Verenigd Koninkrijk
Variety	Soort
Vase life	Vaasleven
We are not a farm. We bring the relationship with the growers, the specification the crop is held to, and the export process that gets it to you in the condition you were promised.	Wij zijn geen kwekerij. Wij brengen de relatie met de telers, de specificatie waaraan het gewas wordt gehouden, en het exportproces dat het bij u brengt in de staat die is afgesproken.
We assign one contact to your account, in your time zone.	Wij wijzen een vast contactpersoon aan uw account toe, in uw tijdzone.
We stay involved through harvesting, grading and export preparation. If a farm will not take an unannounced visit, we do not buy from it.	We blijven betrokken bij oogst, sortering en exportvoorbereiding. Laat een kwekerij geen onaangekondigd bezoek toe, dan kopen we er niet.
We work with growers we know, each chosen for the crop they are genuinely good at.	Wij werken met telers die we kennen, elk gekozen om het gewas waar ze echt goed in zijn.
We work with selected Kenyan growers rather than owning farms, and collaborate closely with them on quality, specifications, harvesting, grading and export preparation, so what leaves the country matches what was agreed.	Wij werken met geselecteerde Keniaanse telers in plaats van zelf kwekerijen te bezitten, en werken nauw met hen samen aan kwaliteit, specificaties, oogst, sortering en exportvoorbereiding, zodat wat het land verlaat overeenkomt met wat is afgesproken.
Weather that ruins a crop in Naivasha rarely touches Mount Kenya in the same week, so one storm does not break a standing order.	Weer dat een gewas in Naivasha verpest raakt Mount Kenya zelden in dezelfde week, zodat een vaste order niet op een storm stukloopt.
Wednesday	woensdag
What happens if a box arrives short or damaged?	Wat gebeurt er als een doos te kort of beschadigd aankomt?
What is the minimum order?	Wat is de minimumafname?
What kind of buyer are you?	Wat voor inkoper bent u?
What you need	Wat u nodig heeft
WhatsApp	WhatsApp
WhatsApp us	App ons
When would you start?	Wanneer zou u willen starten?
Which airports do you fly into?	Op welke luchthavens vliegt u?
White	Wit
White, Bronze, Yellow, Pink, Green	Wit, Brons, Geel, Roze, Groen
White, Dyed to order	Wit, Geverfd op order
Wholesaler / importer	Groothandel / importeur
Why European buyers<br>choose JASM	Waarom Europese inkopers<br>voor JASM kiezen
Within a month	Binnen een maand
Yellow	Geel
Yes, on gypsophila and roses. Tinting is done in the packhouse to your colour reference.	Ja, op gypsophila en rozen. Het tinten gebeurt in het pakstation op uw kleurreferentie.
Yes. Stem length, bunch weight, stem count and cut stage are set per customer and written into the order, and that spec is what the packhouse checks against.	Ja. Steellengte, bosgewicht, aantal stelen en snijstadium worden per klant vastgelegd en in de order opgenomen, en op die specificatie controleert de packhouse.
You give us the lines, the lengths and the weekly volume. We agree a programme with our growing partners before anything is planted.	U geeft ons de soorten, de lengtes en het weekvolume. Wij spreken een programma af met onze teeltpartners voordat er iets geplant wordt.
You order from us, our growing partners cut to that order, and the box is built for you. One fewer week in transit, and a price for the stem.	U bestelt bij ons, onze teeltpartners snijden op die order, en de doos wordt voor u samengesteld. Een week minder onderweg, en een prijs voor de steel.
Your business	Uw bedrijf
Your name	Uw naam
Your stem length, bunch weight, stem count and cut stage are written into the order, and that sheet is what the grading table checks against.	Uw steellengte, bosgewicht, aantal stelen en snijstadium worden in de order vastgelegd, en op dat blad controleert de sorteertafel.
Your stems are cut after your order is confirmed.	Uw stelen worden gesneden nadat uw order bevestigd is.
cold chain, kept unbroken	koelketen, onafgebroken
cut-off	orderstop
e.g. 2 full boxes solidago per week	bijv. 2 hele dozen solidago per week
e.g. 60-70 cm, 250 g bunches, tight cut	bijv. 60-70 cm, bossen van 250 g, krap gesneden
next order cut-off	volgende orderstop
not specified	niet opgegeven
of	van
on your dock	op uw dock
order cut-off, East Africa Time	ordersluiting, Oost-Afrikaanse tijd
sales@jasmflowers.co.ke	sales@jasmflowers.co.ke
shown	getoond
today	vandaag
top growing altitude	hoogste teelthoogte
# --- 2909 update pack: rozen gesplitst, echte contactgegevens, kleuren van de klant, wereldwijde markten
Santini, daisy and disbud forms depending on the programme, including Zembla disbud in white and yellow.	Santini-, margriet- en geplozen vormen, afhankelijk van het programma, inclusief Zembla geplozen in wit en geel.
One large head per stem, in mixed varieties or straight colour. Head size is graded against the stem length you order.	Een grote bloem per steel, in gemengde soorten of in een enkele kleur. De bloemgrootte wordt gesorteerd op de steellengte die u bestelt.
Three to five smaller heads on a branched stem, available as a graded mix of varieties or as a single colour.	Drie tot vijf kleinere bloemen op een vertakte steel, leverbaar als gesorteerde soortenmix of in een enkele kleur.
An order confirmed early in the week normally flies that same week. Nairobi to Amsterdam is a night flight, and your delivery day is confirmed in writing on the order.	Een order die begin van de week bevestigd is, vliegt normaal diezelfde week. Nairobi-Amsterdam is een nachtvlucht en uw leverdag wordt schriftelijk op de order bevestigd.
Africa	Afrika
Asia	Azië
All 16 lines	Alle 16 lijnen
Lines	Lijnen
Baby Blue · Silver Dollar	Baby Blue · Silver Dollar
Lavender, Deep purple, Yellow, White	Lavendel, Dieppaars, Geel, Wit
Roses	Rozen
Spray Roses	Trosrozen
40 cm to 70 cm &middot; 8-14 days	40 cm tot 70 cm &middot; 8-14 dagen
Why buyers work<br>with JASM	Waarom inkopers<br>met JASM werken
Competitive pricing	Scherpe prijzen
We price with the grower and the buyer in the same conversation, so the number works commercially at both ends.	We prijzen met de kweker en de inkoper aan tafel, zodat het getal aan beide kanten commercieel klopt.
Out of Kenya,<br>on a cold chain we control	Vanuit Kenia,<br>in een koelketen die we bewaken
Europe is where most of our volume goes: out of Nairobi to Amsterdam or Liege, then onward to your cold store. Nothing goes through the Dutch clock, which saves a day of handling and a margin.	Europa neemt het grootste deel van ons volume af: vanuit Nairobi naar Amsterdam of Luik en door naar uw koelcel. Niets gaat over de Nederlandse klok, dat scheelt een dag handling en een marge.
We also ship into Africa, the Middle East and Asia. Tell us the destination and we quote the route with it.	We leveren ook naar Afrika, het Midden-Oosten en Azië. Noem de bestemming en we offreren de route erbij.
A Kenyan flower export business connecting selected growers with professional international buyers. Summer flowers, foliage and roses for Europe, Africa, the Middle East and Asia.	Een Keniaanse bloemenexporteur die geselecteerde kwekers verbindt met professionele internationale inkopers. Zomerbloemen, groen en rozen voor Europa, Afrika, het Midden-Oosten en Azië.
Quality. Reliability. Competitive pricing. Long-term partnerships.	Kwaliteit. Betrouwbaarheid. Scherpe prijzen. Langdurige partnerschappen.
mary@jasmflowers.co.ke	mary@jasmflowers.co.ke
Flower catalogue: 16 lines from Kenya | JASM Flowers	Bloemencatalogus: 16 lijnen uit Kenia | JASM Flowers
Solidago, eucalyptus, limonium, gypsophila, carnations, statice, chrysanthemums, hydrangeas, delphiniums, eryngium, roses and spray roses. Lengths, bunch specs and month by month availability.	Solidago, eucalyptus, limonium, gipskruid, anjers, statice, chrysanten, hortensia's, ridderspoor, eryngium, rozen en trosrozen. Steellengtes, bosspecificaties en beschikbaarheid per maand.
16 lines on one airway bill. The specs below are the standard pack; stem length, bunch weight and cut stage can be set to your own programme.	16 soorten op een vrachtbrief. De specificaties hieronder zijn de standaardverpakking; steellengte, bosgewicht en snijstadium kunnen op uw eigen programma worden gezet.
Bio colours	Biokleuren
Cerise	Cerise
Roses from JASM Flowers	Rozen van JASM Flowers
Orange	Oranje
Spray Roses from JASM Flowers	Trosrozen van JASM Flowers
40 cm &middot; 50 cm &middot; 60 cm &middot; 70 cm	40 cm &middot; 50 cm &middot; 60 cm &middot; 70 cm
200-300 stems / full box	200-300 stelen / volle doos
40 cm, 50 cm, 60 cm, 70 cm	40 cm, 50 cm, 60 cm, 70 cm
An order confirmed early in the week normally flies that same week. For a weekly standing order we work two weeks ahead so the crop is planned in advance.	Een order die begin van de week bevestigd is, vliegt normaal diezelfde week. Voor een wekelijkse vaste order werken we twee weken vooruit, zodat de teelt vooraf gepland is.
Reliability	Betrouwbaarheid
Where our flowers go	Waar onze bloemen heen gaan
Importers, wholesalers, florists, bouquet producers and retail flower businesses. Europe takes most of the volume; the rest travels further.	Importeurs, groothandels, bloemisten, boeketmakers en retailbedrijven. Europa neemt het grootste deel van het volume af; de rest reist verder.
Worldwide	Wereldwijd
What we hold<br>the product to	Waar we het product<br>aan houden
Consistency is the thing professional buyers actually pay for. These are the five points where it is either kept or lost.	Constantheid is waar professionele inkopers echt voor betalen. Dit zijn de vijf punten waarop die wordt vastgehouden of verspeeld.
Harvesting	Oogst
Cut at the maturity your order specifies, not at whatever stage the block happens to be.	Gesneden op het rijpheidsstadium dat uw order voorschrijft, niet op het stadium waarin het perceel toevallig staat.
Grading	Sorteren
Checked against the agreed specification, stem length and grade included.	Gecontroleerd tegen de afgesproken specificatie, inclusief steellengte en sortering.
Bunching &amp; packing	Bossen &amp; verpakken
Prepared and packed to the agreed format and the requirements of the shipment.	Klaargemaakt en verpakt volgens het afgesproken formaat en de eisen van de zending.
Post-harvest handling	Naoogstbehandeling
We work with our grower and packing partners so stems are handled carefully after the cut.	We werken samen met onze kweek- en verpakkingspartners zodat stelen na de snee zorgvuldig behandeld worden.
Export preparation	Exportvoorbereiding
We coordinate the shipment and export requirements before the flowers leave Kenya.	Wij regelen de zending en de exporteisen voordat de bloemen Kenia verlaten.
Your specification	Uw specificatie
Stem length, grade, bunch size, packaging, quantity and shipment frequency are agreed before supply is confirmed, not after the first box lands.	Steellengte, sortering, bosgrootte, verpakking, aantal en zendfrequentie worden afgesproken voordat levering bevestigd wordt, niet nadat de eerste doos geland is.
<b>Office, second line</b>	<b>Kantoor, tweede lijn</b>
16 lines, one airway bill. Stem lengths, bunch and box specs, and month by month availability for the full programme.	16 soorten, een vrachtbrief. Steellengtes, bos- en doosspecificaties en beschikbaarheid per maand voor het hele programma.
Full specification, all 16 lines	Volledige specificatie, alle 16 soorten
<b>Roses</b>	<b>Rozen</b>
<b>Spray Roses</b>	<b>Trosrozen</b>
White, Yellow, Pink, Purple, Red, Bio colours	Wit, Geel, Roze, Paars, Rood, Biokleuren
White, Pink, Cerise, Red, Blue, Purple, Green, Bio colours	Wit, Roze, Cerise, Rood, Blauw, Paars, Groen, Biokleuren
White, Blue, Purple, Pink	Wit, Blauw, Paars, Roze
Rosa hybrida &middot; Premium single head	Rosa hybrida &middot; Premium grootbloemig
White, Red, Yellow, Orange, Pink, Soft pink, Peach, Purple, Cream, Bio colours	Wit, Rood, Geel, Oranje, Roze, Zachtroze, Perzik, Paars, Creme, Biokleuren
Rosa hybrida &middot; Multi head	Rosa hybrida &middot; Meerbloemig
Additional flowers 5	Aanvullende bloemen 5
White, Cream, Peach, Soft pink, Pink	Wit, Creme, Perzik, Zachtroze, Roze
Out of Nairobi JKIA on a night flight, into Europe the following morning.	Vanaf Nairobi JKIA op een nachtvlucht, de volgende ochtend in Europa.
Europe &middot; Africa &middot; Asia &middot; Netherlands &middot; Germany &middot; United Kingdom &middot; France &middot; Belgium &middot; Italy &middot; Spain &middot; Poland &middot; Scandinavia &middot; Middle East	Europa &middot; Afrika &middot; Azië &middot; Nederland &middot; Duitsland &middot; Verenigd Koninkrijk &middot; Frankrijk &middot; België &middot; Italië &middot; Spanje &middot; Polen &middot; Scandinavië &middot; Midden-Oosten
Quality focus	Kwaliteitsfocus
<b>Harvesting</b> &mdash; Cut at the maturity your order specifies, not at whatever stage the block happens to be.	<b>Oogst</b> &mdash; Gesneden op het rijpheidsstadium dat uw order voorschrijft, niet op het stadium waarin het perceel toevallig staat.
<b>Grading</b> &mdash; Checked against the agreed specification, stem length and grade included.	<b>Sorteren</b> &mdash; Gecontroleerd tegen de afgesproken specificatie, inclusief steellengte en sortering.
<b>Bunching &amp; packing</b> &mdash; Prepared and packed to the agreed format and the requirements of the shipment.	<b>Bossen &amp; verpakken</b> &mdash; Klaargemaakt en verpakt volgens het afgesproken formaat en de eisen van de zending.
<b>Post-harvest handling</b> &mdash; We work with our grower and packing partners so stems are handled carefully after the cut.	<b>Naoogstbehandeling</b> &mdash; We werken samen met onze kweek- en verpakkingspartners zodat stelen na de snee zorgvuldig behandeld worden.
<b>Export preparation</b> &mdash; We coordinate the shipment and export requirements before the flowers leave Kenya.	<b>Exportvoorbereiding</b> &mdash; Wij regelen de zending en de exporteisen voordat de bloemen Kenia verlaten.
<b>sales@jasmflowers.co.ke</b> &middot; +254 710 693 400 &middot; +254 728 466 288<br> jasmflowers.com	<b>sales@jasmflowers.co.ke</b> &middot; +254 710 693 400 &middot; +254 728 466 288<br> jasmflowers.com
Small round powder-blue leaves on a fine stem, with the scent the leaf is bought for. Cut at the stage that holds its bloom rather than the stage that fills a box fastest.	Kleine ronde poederblauwe blaadjes aan een fijne steel, met de geur waar het blad om gekocht wordt. Geknipt op het moment dat de waslaag blijft zitten, niet op het moment dat een doos het snelst vol is.
The large rounded coin leaf, on a straighter and heavier stem than Baby Blue. Used where a bouquet needs structure and volume rather than texture.	Het grote ronde muntblad, aan een rechtere en zwaardere steel dan Baby Blue. Voor boeketten die structuur en volume nodig hebben in plaats van textuur.
Estimated quantity	Geschatte hoeveelheid
Delivery destination	Afleverbestemming
Shipment frequency	Verzendfrequentie
Message	Bericht
&amp; eucalyptus, our key flowers	&amp; eucalyptus, onze kernbloemen
Our key flowers	Onze kernbloemen
Solidago and the two eucalyptus lines lead the programme and the season is planned around them.	Solidago en de twee eucalyptuslijnen vormen de kern van het programma; het seizoen wordt daaromheen gepland.
All 17 lines	Alle 17 soorten
Key flower	Kernbloem
Eucalyptus Baby Blue grown in Kenya for JASM Flowers	Eucalyptus Baby Blue, geteeld in Kenia voor JASM Flowers
Eucalyptus Baby Blue	Eucalyptus Baby Blue
Eucalyptus cinerea	Eucalyptus cinerea
Powder blue, Blue green	Poederblauw, blauwgroen
Eucalyptus Silver Dollar grown in Kenya for JASM Flowers	Eucalyptus Silver Dollar, geteeld in Kenia voor JASM Flowers
Eucalyptus Silver Dollar	Eucalyptus Silver Dollar
Eucalyptus polyanthemos	Eucalyptus polyanthemos
Silver green, Grey green	Zilvergroen, grijsgroen
Limonium runs alongside as a core programme line; the rest come through our grower network. All of it packs on the same airway bill, so one bouquet costs one freight minimum.	Limonium loopt mee als vaste programmalijn; de rest komt via ons telersnetwerk. Alles gaat op dezelfde vrachtbrief, dus een boeket kost een vrachtminimum.
50 cm to 70 cm &middot; 12-18 days	50 cm tot 70 cm &middot; 12-18 dagen
From your list<br>to your shipment	Van uw lijst<br>naar uw zending
Five steps, from the mail you send us to the box at your cold store.	Vijf stappen, van de mail die u stuurt tot de doos in uw koelcel.
Tell us what you need	Vertel ons wat u nodig hebt
We check availability	Wij checken de beschikbaarheid
You get a quotation	U krijgt een offerte
We prepare your order	Wij maken uw order klaar
Your flowers ship	Uw bloemen gaan op transport
Send the varieties, stem lengths, quantities and where it has to land. A list in a mail is enough to start.	Stuur de soorten, steellengtes, aantallen en waar het moet landen. Een lijstje in een mail is genoeg om te beginnen.
We go to our growing partners with your specification and confirm what can actually be cut for you, in what volume and from when.	Wij gaan met uw specificatie naar onze telerpartners en bevestigen wat er werkelijk voor u geknipt kan worden, in welk volume en vanaf wanneer.
A written price against the agreed specification, quantity and shipment, so you can compare it with what you pay now.	Een schriftelijke prijs op basis van de afgesproken specificatie, hoeveelheid en zending, zodat u hem kunt vergelijken met wat u nu betaalt.
Once confirmed we coordinate harvesting, grading, packing and export preparation against that same specification.	Na bevestiging coördineren wij oogst, sortering, verpakking en exportvoorbereiding tegen diezelfde specificatie.
We book the shipment and keep you posted while it travels. Pallet photos before it leaves, on request.	Wij boeken de zending en houden u op de hoogte terwijl die onderweg is. Palletfoto's voor vertrek, op verzoek.
<b>Buying the same lines every week?</b> Talk to us about a weekly or seasonal supply programme and we plan the volume with the grower in advance.	<b>Koopt u elke week dezelfde soorten?</b> Vraag ons naar een wekelijks of seizoensprogramma, dan plannen wij het volume vooraf met de teler.
How programmes work	Hoe programma's werken
Tell us the lines, the lengths and the volume. We check availability with our growing partners and come back with a written quote, grade, pack and freight included, inside one working day.	Geef ons de soorten, de lengtes en het volume. Wij checken de beschikbaarheid bij onze telerpartners en komen binnen een werkdag terug met een schriftelijke offerte, inclusief sortering, verpakking en vracht.
Flower catalogue: 17 lines from Kenya | JASM Flowers	Bloemencatalogus: 17 soorten uit Kenia | JASM Flowers
17 lines on one airway bill. The specs below are the standard pack; stem length, bunch weight and cut stage can be set to your own programme.	17 soorten op een vrachtbrief. De specificaties hieronder zijn de standaardverpakking; steellengte, bosgewicht en snijstadium kunnen op uw eigen programma worden afgestemd.
Eucalyptus Baby Blue from JASM Flowers	Eucalyptus Baby Blue van JASM Flowers
Blue green	Blauwgroen
Eucalyptus Silver Dollar from JASM Flowers	Eucalyptus Silver Dollar van JASM Flowers
Grey green	Grijsgroen
Contract growing	Contractteelt
Supply programmes,<br>planted in advance	Leveringsprogramma's,<br>vooraf geplant
A one-off order is checked against what our partners already have in the ground. A programme is the other way round: we agree the volume with the grower before the crop goes in, so the stems exist because you asked for them.	Een losse order toetsen we aan wat onze partners al in de grond hebben staan. Een programma werkt andersom: we spreken het volume met de teler af voordat het gewas de grond in gaat, dus de stelen bestaan omdat u erom vroeg.
Worth doing if you buy the same lines every week or every season. We plan it around the varieties you need, the volume you expect, stem lengths, your quality specification, the months you need cover and how often you want it delivered.	De moeite waard als u elke week of elk seizoen dezelfde soorten koopt. We plannen het rond de soorten die u nodig hebt, het volume dat u verwacht, steellengtes, uw kwaliteitsspecificatie, de maanden waarin u dekking nodig hebt en hoe vaak u wilt laten leveren.
The point is a price and a plan that work at both ends of the chain. A grower who knows the offtake plants better than a grower selling into a spot market.	Het doel is een prijs en een planning die aan beide kanten van de keten werken. Een teler die zijn afzet kent, plant beter dan een teler die op de dagmarkt verkoopt.
Talk about a programme	Praat over een programma
Importers, wholesalers, floral distributors, florists, bouquet producers and retail flower businesses. Europe takes most of the volume; the rest travels further.	Importeurs, groothandels, bloemendistributeurs, bloemisten, boeketmakers en retailbedrijven. Europa neemt het grootste deel van het volume af; de rest reist verder.
Where we are going: to be the Kenyan supply partner buyers worldwide keep coming back to, on long-term relationships rather than one-off shipments.	Waar we naartoe werken: de Keniaanse leverancier zijn waar inkopers wereldwijd naar terugkeren, op langetermijnrelaties in plaats van losse zendingen.
<b>Quality is not only the flower.</b> It is also a specification that says what you are actually getting, accurate information when something changes, and an answer from the same person between the first quotation and the shipment landing.	<b>Kwaliteit is niet alleen de bloem.</b> Het is ook een specificatie die zegt wat u werkelijk krijgt, kloppende informatie als er iets verandert, en antwoord van dezelfde persoon tussen de eerste offerte en de aankomst van de zending.
Send the varieties, stem lengths, quantities, how often you want them and where they have to land. We check availability with our growing partners and come back with a written price inside one working day.	Stuur de soorten, steellengtes, aantallen, hoe vaak u ze wilt en waar ze moeten landen. Wij checken de beschikbaarheid bij onze telerpartners en komen binnen een werkdag terug met een schriftelijke prijs.
Who you are	Wie u bent
e.g. weekly, or a one-off trial	bijv. wekelijks, of een eenmalige proef
17 lines, one airway bill. Stem lengths, bunch and box specs, and month by month availability for the full programme.	17 soorten, een vrachtbrief. Steellengtes, bos- en doosspecificaties en beschikbaarheid per maand voor het hele programma.
Full specification, all 17 lines	Volledige specificatie, alle 17 soorten
<b>Eucalyptus Baby Blue</b>	<b>Eucalyptus Baby Blue</b>
<b>Eucalyptus Silver Dollar</b>	<b>Eucalyptus Silver Dollar</b>
Key flowers	Kernbloemen
Solidago, eucalyptus and limonium	Solidago, eucalyptus en limonium
Solidago, Eucalyptus Baby Blue and Eucalyptus Silver Dollar are our key flowers. Limonium runs alongside them as a core programme line.	Solidago, Eucalyptus Baby Blue en Eucalyptus Silver Dollar zijn onze kernbloemen. Limonium loopt daarnaast mee als vaste programmalijn.
Eucalyptus cinerea &middot; Baby Blue	Eucalyptus cinerea &middot; Baby Blue
Eucalyptus polyanthemos &middot; Silver Dollar	Eucalyptus polyanthemos &middot; Silver Dollar

# --- 30-09-2026 client wording: FOB only, issue-handling instead of credit/replace, address
Airport North Road, P.O. Box 5212-100, Nairobi, Kenya	Airport North Road, P.O. Box 5212-100, Nairobi, Kenia
If a quality or transit issue occurs, please share photos and relevant shipment details within 24 hours of arrival. We will assess the issue promptly and agree on the appropriate resolution.	Treedt er een kwaliteits- of transportprobleem op, stuur dan binnen 24 uur na aankomst foto's en de relevante zendinggegevens. Wij beoordelen het probleem direct en spreken samen de passende oplossing af.
FOB Nairobi. The terms go on every order confirmation, in writing.	FOB Nairobi. De voorwaarden staan schriftelijk op elke orderbevestiging.
Quality and transit issues	Kwaliteits- en transportproblemen
Share photos and shipment details within 24 hours of arrival and we assess it promptly.	Stuur binnen 24 uur na aankomst foto's en zendinggegevens, dan beoordelen wij het direct.
Freight rates vary according to destination, season, airline capacity and fuel costs. We quote them per shipment.	Vrachttarieven variëren per bestemming, seizoen, luchtvaartcapaciteit en brandstofkosten. Wij offreren ze per zending.
Tell us what you need. We will check availability with our growing partners and come back with a quotation based on your requirements.	Vertel ons wat u nodig heeft. Wij checken de beschikbaarheid bij onze telerpartners en komen terug met een offerte op basis van uw wensen.
<b>What you get back:</b> a written quote per line with stem length, bunch spec, box count, FOB Nairobi price and the freight rate for your shipment, plus a trial box before a standing programme.	<b>Wat u terugkrijgt:</b> een schriftelijke offerte per soort met steellengte, bosspecificatie, aantal dozen, FOB Nairobi-prijs en het vrachttarief voor uw zending, plus een proefdoos vóór een vast programma.
Incoterms: FOB Nairobi, written on every order confirmation.	Incoterms: FOB Nairobi, vastgelegd op elke orderbevestiging.
Quality or transit issues: photos and shipment details within 24 hours of arrival.	Kwaliteits- of transportproblemen: foto's en zendinggegevens binnen 24 uur na aankomst.
<b>sales@jasmflowers.co.ke</b> &middot; +254 710 693 400 &middot; +254 728 466 288<br> Airport North Road, P.O. Box 5212-100, Nairobi, Kenya &middot; jasmflowers.com	<b>sales@jasmflowers.co.ke</b> &middot; +254 710 693 400 &middot; +254 728 466 288<br> Airport North Road, P.O. Box 5212-100, Nairobi, Kenia &middot; jasmflowers.com
Tell us the lines, the lengths and the volume. We check availability with our growing partners and come back with a written quote, grade, pack and freight included.	Geef ons de soorten, de lengtes en het volume. Wij checken de beschikbaarheid bij onze telerpartners en komen terug met een schriftelijke offerte, inclusief sortering, verpakking en vracht.
Send us your list and we come back with a quote.	Stuur ons uw lijst en wij komen terug met een offerte.
Send your list of lines, lengths and weekly volume. Written quote with grade, pack and freight per line.	Stuur uw lijst met lijnen, lengtes en weekvolume. Schriftelijke offerte met sortering, verpakking en vracht per lijn.
Lines, lengths, weekly volume and your landing airport. We check availability with our growing partners and come back with a quote.	Lijnen, lengtes, weekvolume en uw luchthaven van aankomst. Wij checken de beschikbaarheid bij onze telerpartners en komen terug met een offerte.
# --- 01-10-2026 client feedback round ---
<b>Buying the same lines every week?</b> Talk to us about a weekly or seasonal supply programme and we plan it with you and our growing partners.	<b>Koopt u elke week dezelfde lijnen?</b> Praat met ons over een wekelijks of seizoensgebonden leveringsprogramma; we plannen het samen met u en onze teeltpartners.
Talk to us about a programme	Praat met ons over een programma
A Kenyan flower export business connecting selected Kenyan growers with professional flower buyers in Europe, Africa, the Middle East, Asia and other international markets.	Een Keniaans bloemenexportbedrijf dat geselecteerde Keniaanse telers verbindt met professionele bloemeninkopers in Europa, Afrika, het Midden-Oosten, Azië en andere internationale markten.
How flowers get from a Kenyan field to your cold store: cut to order, pre-cooled within the hour, night freighter out of Nairobi on an unbroken cold chain.	Hoe bloemen van een Keniaans veld naar uw koelcel komen: op order gesneden, binnen het uur voorgekoeld, nachtvracht vanuit Nairobi op een ononderbroken koelketen.
From Kenya to your destination,<br>cold the whole way	Van Kenia naar uw bestemming,<br>de hele weg gekoeld
JASM Flowers is a Kenyan flower export business connecting selected Kenyan growers with professional flower buyers in Europe, Africa, the Middle East, Asia and other international markets.	JASM Flowers is een Keniaans bloemenexportbedrijf dat geselecteerde Keniaanse telers verbindt met professionele bloemeninkopers in Europa, Afrika, het Midden-Oosten, Azië en andere internationale markten.
You order from us, our growing partners cut to that order, and the box is built for you. One fewer week in transit, and a better price for the stem.	U bestelt bij ons, onze teeltpartners snijden op die order, en de doos wordt voor u samengesteld. Een week minder onderweg, en een betere prijs voor de steel.
We work with selected Kenyan growers rather than owning farms, and collaborate closely with them on quality, specifications, grading and export preparation, so what leaves the country matches what was agreed.	Wij werken met geselecteerde Keniaanse telers in plaats van zelf kwekerijen te bezitten, en werken nauw met hen samen aan kwaliteit, specificaties, sortering en exportvoorbereiding, zodat wat het land verlaat overeenkomt met wat is afgesproken.
Stem length, bunch weight, stem count and cut stage are agreed up front and shared with the grower.	Steellengte, bosgewicht, aantal stelen en snijstadium worden vooraf afgesproken en met de teler gedeeld.
Quality at every stage	Kwaliteit in elke fase
Quality starts with the right crop and continues through every stage of the supply chain. We work closely with our growing partners to align production and handling with the specifications agreed with each buyer.	Kwaliteit begint bij het juiste gewas en loopt door in elke schakel van de keten. We werken nauw samen met onze teeltpartners om teelt en behandeling af te stemmen op de specificaties die met elke koper zijn afgesproken.
About JASM Flowers	Over JASM Flowers
Long-term<br>partnership	Langdurig<br>partnerschap
We focus on reliable supply, consistent quality and competitive export solutions for professional wholesalers, importers, florists and other flower businesses.	Wij richten ons op betrouwbare levering, consistente kwaliteit en concurrerende exportoplossingen voor professionele groothandels, importeurs, bloemisten en andere bloemenbedrijven.
Our role is to coordinate sourcing, quality specifications, consolidation and export logistics while working closely with our growing partners and international customers.	Onze rol is het coördineren van inkoop, kwaliteitsspecificaties, consolidatie en exportlogistiek, in nauwe samenwerking met onze teeltpartners en internationale klanten.
We believe in building long-term relationships with both growers and buyers. By understanding our customers&rsquo; specifications and maintaining good communication with our growing partners, we aim to create reliable supply programmes that work for both sides.	Wij geloven in het opbouwen van langdurige relaties met zowel telers als kopers. Door de specificaties van onze klanten te begrijpen en goed contact te houden met onze teeltpartners, willen we betrouwbare leveringsprogramma&rsquo;s maken die voor beide kanten werken.
Graded to your<br>specification	Gesorteerd op uw<br>specificatie
Every order is carefully graded according to your agreed specifications, including stem length, stem count and cut stage.	Elke order wordt zorgvuldig gesorteerd volgens uw afgesproken specificaties, waaronder steellengte, aantal stelen en snijstadium.
Our grading team checks the flowers against the order before dispatch to ensure they meet your requirements.	Ons sorteerteam controleert de bloemen vóór verzending tegen de order, zodat ze aan uw eisen voldoen.
We take care to address any variations before the flowers leave Kenya, helping ensure you receive the quality and specifications you ordered.	Afwijkingen pakken we aan voordat de bloemen Kenia verlaten, zodat u de kwaliteit en specificaties ontvangt die u besteld heeft.
Importers, wholesalers, floral distributors, florists, bouquet producers and retail flower businesses.	Importeurs, groothandels, bloemendistributeurs, bloemisten, boeketmakers en retailbedrijven.
Grown in Kenya &middot; Exported worldwide	Geteeld in Kenia &middot; Wereldwijd geëxporteerd
# --- 05-10-2026 client feedback round ---
A minimum order of 5 boxes applies. For first-time customers, we offer a minimum trial order of 5 boxes. Boxes can be mixed across different flower varieties, allowing you to test several lines in one shipment while meeting the minimum order requirement.	Er geldt een minimumafname van 5 dozen. Voor nieuwe klanten bieden we een proeforder van minimaal 5 dozen. Dozen mogen gemengd worden met verschillende bloemsoorten, zodat u meerdere lijnen in één zending kunt testen en toch aan de minimumafname voldoet.
Orders should be confirmed 4 days before the scheduled shipment date. Earlier booking is recommended for larger volumes and standing programmes to ensure availability and consistent supply.	Orders moeten 4 dagen voor de geplande verzenddatum bevestigd zijn. Voor grotere volumes en vaste programma's raden we aan eerder te boeken, zodat beschikbaarheid en constante aanvoer gewaarborgd blijven.
We fly into the destination airport agreed on your order. Tell us where the shipment has to land and we quote the route with it.	We vliegen op de bestemmingsluchthaven die op uw order is afgesproken. Laat weten waar de zending moet landen, dan nemen we de route mee in de offerte.
Full box and half box. A full box is the standard flower carton for air freight and holds roughly 10 to 12 kg of product depending on the line.	Hele doos en halve doos. Een hele doos is de standaard bloemendoos voor luchtvracht en houdt ruwweg 10 tot 12 kg product, afhankelijk van de lijn.
<b>4 days</b>	<b>4 dagen</b>
order confirmed before shipment	order bevestigd voor verzending
Sealed into pre-chilled boxes with your labels.	Gesloten in voorgekoelde dozen met uw etiketten.
Handed to the airline in a temperature-controlled build-up area, on the booked and confirmed flight.	Overgedragen aan de luchtvaartmaatschappij in een temperatuurgeregelde opbouwruimte, op de geboekte en bevestigde vlucht.
Lands in destination airport	Landt op de bestemmingsluchthaven
Cleared and moved into a cold store upon arrival.	Bij aankomst ingeklaard en in een koelcel gezet.
Ready for pick up	Klaar om opgehaald te worden
Europe is where most of our volume goes: out of Nairobi on the booked flight to your destination airport. Nothing goes through the Dutch clock, which saves a day of handling and a margin.	Het grootste deel van ons volume gaat naar Europa: vanuit Nairobi op de geboekte vlucht naar uw bestemmingsluchthaven. Niets gaat via de Nederlandse klok, wat een dag handling en een marge scheelt.
Pre-cooled within the hour of cutting, sealed into pre-chilled boxes and held at 2 to 4 degrees through the export process, with the temperature logged.	Binnen een uur na het snijden voorgekoeld, gesloten in voorgekoelde dozen en gedurende het exportproces op 2 tot 4 graden gehouden, met de temperatuur gelogd.
A grader bunching and sleeving roses at the bench, filmed at one of our growing partners	Een sorteerder die rozen bundelt en hoest aan de werkbank, gefilmd bij een van onze teeltpartners
A grader at one of our growing partners bunching and sleeving roses at the bench	Een sorteerder bij een van onze teeltpartners die rozen bundelt en hoest aan de werkbank
JASM export cartons stacked on a pallet in the cold room	JASM-exportdozen gestapeld op een pallet in de koelcel
Pre-cooled within the hour and held there until it flies	Binnen het uur voorgekoeld en daar gehouden tot het vliegt
300 stems / full box	300 stelen / hele doos
300-500 stems / full box	300-500 stelen / hele doos
200-220 stems / full box	200-220 stelen / hele doos
25 stems	25 stelen
<b>What you get back:</b> a written quote per line with stem length, bunch spec, box count, FOB Nairobi price and the freight rate for your shipment.	<b>Wat u terugkrijgt:</b> een schriftelijke offerte per lijn met steellengte, bosspecificatie, aantal dozen, FOB Nairobi-prijs en het vrachttarief voor uw zending.
Ordering and transit	Bestellen en transport
Orders confirmed 4 days before the scheduled shipment date; earlier for larger volumes and standing programmes.	Orders 4 dagen voor de geplande verzenddatum bevestigd; eerder bij grotere volumes en vaste programma's.
Out of Nairobi JKIA on the booked and confirmed flight.	Vanuit Nairobi JKIA op de geboekte en bevestigde vlucht.
Cold chain unbroken at 2 to 4 &deg;C, cleared into a cold store on arrival.	Koelketen ononderbroken op 2 tot 4 &deg;C, bij aankomst ingeklaard in een koelcel.
Minimum order 5 boxes, trial orders included.	Minimumafname 5 dozen, proeforders inbegrepen.
Lines, lengths, weekly volume and your destination airport. We check availability with our growing partners and come back with a quote.	Lijnen, lengtes, weekvolume en uw bestemmingsluchthaven. We checken de beschikbaarheid bij onze teeltpartners en komen terug met een offerte.
# --- 05-10-2026 client feedback round ---
Play the video	Speel de video af
How flowers get from a Kenyan field to your cold store: cut to order, pre-cooled within the hour, flown out of Nairobi on an unbroken cold chain.	Hoe bloemen van een Keniaans veld naar uw koelcel komen: op order gesneden, binnen het uur voorgekoeld, vanuit Nairobi gevlogen in een ononderbroken koelketen.
The Kenyan highlands	De Keniaanse hooglanden
Cut-flower rows on a highland slope above a valley holding morning mist, with a mountain ridge behind	Rijen snijbloemen op een helling in het hoogland, boven een dal met ochtendmist en een bergrug op de achtergrond
<b>Flown</b> out of Nairobi	<b>Gevlogen</b> vanuit Nairobi
Send enquiry	Aanvraag versturen
Website	Website
We use what you send here to price your enquiry and to answer it. Nothing goes to anyone else. You get a copy by email.	Wat u hier verstuurt gebruiken wij om uw aanvraag te prijzen en te beantwoorden. Het gaat niet naar anderen. U ontvangt een kopie per e-mail.
This form needs JavaScript to send. Please email or WhatsApp us using the details above and we will pick it up the same way.	Dit formulier heeft JavaScript nodig om te versturen. Mail of WhatsApp ons met de gegevens hierboven, dan pakken wij het op dezelfde manier op.
Sending your enquiry...	Uw aanvraag wordt verstuurd...
Thank you. Your enquiry is with us and a copy is on its way to your inbox.	Dank u. Uw aanvraag is bij ons binnen en een kopie is op weg naar uw inbox.
The enquiry could not be sent. Please email or WhatsApp us instead.	De aanvraag kon niet worden verstuurd. Mail of WhatsApp ons in plaats daarvan.

# --- key-line pages (/wholesale/*), 9 Oct 2026 ---
Key lines	Kernlijnen
Stem lengths	Steellengtes
Country of origin	Land van herkomst
The standard pack	De standaardverpakking
See it in the catalogue	Bekijk het in de catalogus
Grown at altitude	Geteeld op hoogte
Ordering and grading	Bestellen en sorteren
Who buys it	Wie het koopt
Also known as	Ook bekend als
Our other key lines	Onze andere kernlijnen
Every figure above is the house standard. Stem length, bunch weight, stem count and cut stage can be set to your own programme and written into the order, and that is what the packhouse checks against.	Elk cijfer hierboven is onze huisstandaard. Steellengte, bosgewicht, aantal stelen en snijstadium kunnen op uw eigen programma worden ingesteld en in de order worden vastgelegd, en daarop controleert de verwerkingshal.
Buying more than one line? Fillers, foliage and roses pack on the same airway bill, so one bouquet costs one freight minimum.	Meer dan één lijn nodig? Vulbloemen, groen en rozen gaan op dezelfde vrachtbrief, zodat één boeket één vrachtminimum kost.
50 cm&ndash;80 cm	50 cm&ndash;80 cm
50 cm&ndash;70 cm	50 cm&ndash;70 cm
50 cm to 80 cm &middot; 14-21 days	50 cm tot 80 cm &middot; 14-21 dagen
50 cm to 80 cm &middot; 10-14 days	50 cm tot 80 cm &middot; 10-14 dagen
Solidago wholesale from Kenya | JASM Flowers	Solidago groothandel uit Kenia | JASM Flowers
Solidago grown in Kenya for professional flower buyers. 50 cm to 80 cm, 20 stems a bunch, 300 stems / full box. Cut to order, graded to your specification, FOB Nairobi.	Solidago, geteeld in Kenia voor professionele bloemeninkopers. 50 cm tot 80 cm, 20 stelen per bos, 300 stelen / hele doos. Op order gesneden, gesorteerd op uw specificatie, FOB Nairobi.
Solidago wholesale<br>from Kenya	Solidago groothandel<br>uit Kenia
Solidago is our largest programme. Our growing partners plant it for us through the year in the Kenyan highlands, so the volume is there when Europe needs it most.	Solidago is ons grootste programma. Onze telerspartners planten het het hele jaar door voor ons in de Keniaanse hooglanden, zodat het volume er is wanneer Europa het het hardst nodig heeft.
Dense feathery plumes on a strong straight stem, cut at the stage that travels and opens in the vase rather than the stage that fills a box fastest. Graded so every bunch in the box carries the same plume weight.	Dichte, pluimige bloemen aan een sterke rechte steel, gesneden op het stadium dat transport doorstaat en in de vaas opengaat, niet op het stadium dat een doos het snelst vult. Zo gesorteerd dat elke bos in de doos hetzelfde pluimgewicht heeft.
One colour, golden yellow. Lengths run from 50 to 80 cm, and the length you order is what gets measured before the bunch is tied.	Eén kleur, goudgeel. De lengtes lopen van 50 tot 80 cm, en de lengte die u bestelt is de lengte die wordt opgemeten voordat de bos wordt gebonden.
Grown between Naivasha at around 1,900 metres and the slopes of Mount Kenya. Bright days and nights that drop close to ten degrees slow the plant down, and that is what gives a tighter plume and a thicker neck.	Geteeld tussen Naivasha op ongeveer 1.900 meter en de hellingen van Mount Kenya. Heldere dagen en nachten die tot bijna tien graden terugvallen remmen de plant af, en dat is wat een vastere pluim en een dikkere nek geeft.
Cut in the cool of the morning into clean water with a hydration treatment, and into the cold room at 2 to 4 degrees within the hour. Most of a solidago&rsquo;s vase life is won or lost in that first hour.	In de koelte van de ochtend gesneden, direct in schoon water met een hydratatiemiddel, en binnen het uur de koelcel in op 2 tot 4 graden. Het grootste deel van het vaasleven van solidago wordt in dat eerste uur gewonnen of verloren.
Available every month of the year. October to February is peak, which is when European supply is at its thinnest and standing volume is easiest to hold at the best grade.	Elke maand van het jaar beschikbaar. Oktober tot februari is piek, precies wanneer de Europese aanvoer het dunst is en vast volume het makkelijkst op de beste sortering te houden is.
The workhorse filler for supermarket bouquet programmes and florist work. Buyers take it on a standing weekly weight alongside the eucalyptus and the limonium, so one bouquet costs one freight minimum.	De werkpaardvulbloem voor boeketprogramma&rsquo;s in de supermarkt en voor floristenwerk. Inkopers nemen het op een vast weekgewicht naast de eucalyptus en de limonium, zodat één boeket één vrachtminimum kost.
Eucalyptus Baby Blue wholesale from Kenya | JASM Flowers	Eucalyptus Baby Blue groothandel uit Kenia | JASM Flowers
Eucalyptus Baby Blue grown in Kenya for professional flower buyers. 50 cm to 80 cm, 10 stems a bunch, 300 stems / full box. Cut to order, graded to your specification, FOB Nairobi.	Eucalyptus Baby Blue, geteeld in Kenia voor professionele bloemeninkopers. 50 cm tot 80 cm, 10 stelen per bos, 300 stelen / hele doos. Op order gesneden, gesorteerd op uw specificatie, FOB Nairobi.
Eucalyptus Baby Blue wholesale<br>from Kenya	Eucalyptus Baby Blue groothandel<br>uit Kenia
Eucalyptus Baby Blue is one of the two foliage lines we lead with: small round powder-blue leaves on a fine stem, with the scent the leaf is bought for.	Eucalyptus Baby Blue is een van de twee groenlijnen waarmee wij vooroplopen: kleine ronde poederblauwe blaadjes aan een fijne steel, met de geur waar het blad om gekocht wordt.
Cut at the stage that holds its bloom, the pale waxy film on a young leaf, rather than the stage that fills a box fastest. Sold by stem count, ten to a bunch, not by weight.	Gesneden op het stadium dat de waslaag vasthoudt, het bleke matte laagje op een jong blad, en niet op het stadium dat een doos het snelst vult. Verkocht per aantal stelen, tien per bos, niet op gewicht.
Lengths from 50 to 80 cm. The colour runs powder blue to blue green depending on the block and the time of year; tell us which end of that you want and we grade for it.	Lengtes van 50 tot 80 cm. De kleur loopt van poederblauw tot blauwgroen, afhankelijk van het perceel en de tijd van het jaar; zeg ons welke kant u wilt en wij sorteren daarop.
Grown on the Mount Kenya side, between 2,100 and 2,400 metres. Altitude is what keeps the colour in the leaf and stops it blacking off in transit, which is the most common complaint about imported eucalyptus.	Geteeld aan de kant van Mount Kenya, tussen 2.100 en 2.400 meter. Hoogte is wat de kleur in het blad houdt en voorkomt dat het onderweg zwart wordt. Dat is de meest gehoorde klacht over geïmporteerde eucalyptus.
Pre-cooled within an hour of cutting and held at 2 to 4 degrees through the export process. Foliage is where bouquet margin sits, and it is also the first thing to look tired if the cold chain breaks.	Binnen een uur na het snijden voorgekoeld en door het hele exportproces op 2 tot 4 graden gehouden. In het groen zit de marge van een boeket, en het is ook het eerste dat er vermoeid uitziet als de koelketen breekt.
Available every month of the year, with no real peak or trough. That makes it the easiest line on our list to put on a standing weekly programme.	Elke maand van het jaar beschikbaar, zonder echte piek of dal. Daarmee is het de makkelijkste lijn op onze lijst om op een vast weekprogramma te zetten.
Bouquet producers and florists. One stem of Baby Blue carries texture that three fillers cannot, which is why it keeps its place in a recipe even when the flower in the middle changes.	Boeketproducenten en floristen. Eén steel Baby Blue brengt een textuur die drie vulbloemen niet halen, en daarom houdt het zijn plek in een recept, ook als de bloem in het midden wisselt.
Eucalyptus Silver Dollar wholesale from Kenya | JASM Flowers	Eucalyptus Silver Dollar groothandel uit Kenia | JASM Flowers
Eucalyptus Silver Dollar grown in Kenya for professional flower buyers. 50 cm to 80 cm, 10 stems a bunch, 300 stems / full box. Cut to order, graded to your specification, FOB Nairobi.	Eucalyptus Silver Dollar, geteeld in Kenia voor professionele bloemeninkopers. 50 cm tot 80 cm, 10 stelen per bos, 300 stelen / hele doos. Op order gesneden, gesorteerd op uw specificatie, FOB Nairobi.
Eucalyptus Silver Dollar wholesale<br>from Kenya	Eucalyptus Silver Dollar groothandel<br>uit Kenia
Eucalyptus Silver Dollar is the structural half of our foliage programme: the large rounded coin leaf, on a straighter and heavier stem than Baby Blue.	Eucalyptus Silver Dollar is de constructieve helft van ons groenprogramma: het grote ronde muntblad, aan een rechtere en zwaardere steel dan Baby Blue.
Used where a bouquet needs volume and structure rather than texture. One stem does the work of three fillers, and it holds its shape in the vase for weeks after the flowers have gone over.	Gebruikt waar een boeket volume en structuur nodig heeft in plaats van textuur. Eén steel doet het werk van drie vulbloemen, en houdt zijn vorm weken in de vaas nadat de bloemen al over zijn.
Ten stems a bunch, 50 to 80 cm, silver green to grey green. Sold by stem count rather than by weight, so what you order is what you can count in the box.	Tien stelen per bos, 50 tot 80 cm, zilvergroen tot grijsgroen. Verkocht per aantal stelen in plaats van op gewicht, dus wat u bestelt kunt u in de doos natellen.
The same Mount Kenya blocks as Baby Blue, 2,100 to 2,400 metres. The cool nights at that altitude are what build the heavier stem; a lower farm grows the same variety faster and softer.	Dezelfde percelen bij Mount Kenya als Baby Blue, 2.100 tot 2.400 meter. De koele nachten op die hoogte bouwen de zwaardere steel; een lager gelegen bedrijf laat dezelfde variëteit sneller en slapper groeien.
Checked on stem straightness and leaf condition before bunching, then pre-cooled within the hour and held at 2 to 4 degrees until it flies.	Voor het bossen gecontroleerd op rechte steel en bladconditie, dan binnen het uur voorgekoeld en op 2 tot 4 graden gehouden tot het vliegt.
Available every month of the year. Like Baby Blue it has no real season, which is why the two of them anchor most standing foliage programmes.	Elke maand van het jaar beschikbaar. Net als Baby Blue kent het geen echt seizoen, en daarom vormen die twee samen de basis van de meeste vaste groenprogramma&rsquo;s.
Wholesalers and bouquet lines that need a foliage they can specify once and keep buying. Also strong in event and wedding work, where the leaf is on show rather than filling a gap.	Grossiers en boeketlijnen die groen nodig hebben dat ze één keer specificeren en blijven kopen. Ook sterk in event- en bruidswerk, waar het blad in beeld staat in plaats van een gat te vullen.
Limonium wholesale from Kenya | JASM Flowers	Limonium groothandel uit Kenia | JASM Flowers
Limonium grown in Kenya for professional flower buyers. 50 cm to 70 cm, 25 stems a bunch, 300 stems / full box. Cut to order, graded to your specification, FOB Nairobi.	Limonium, geteeld in Kenia voor professionele bloemeninkopers. 50 cm tot 70 cm, 25 stelen per bos, 300 stelen / hele doos. Op order gesneden, gesorteerd op uw specificatie, FOB Nairobi.
Limonium wholesale<br>from Kenya	Limonium groothandel<br>uit Kenia
Limonium runs alongside the solidago and the eucalyptus as a core programme line: airy sprays of small papery flowers on a branched stem, graded so every bunch carries the same spray weight.	Limonium loopt naast de solidago en de eucalyptus mee als kernprogrammalijn: luchtige pluimen van kleine papierachtige bloemen aan een vertakte steel, zo gesorteerd dat elke bos hetzelfde pluimgewicht heeft.
Twenty-five stems a bunch, 50 to 70 cm, 300 stems in a full box. It fills volume without adding weight, which matters when the freight is priced by the kilo.	Vijfentwintig stelen per bos, 50 tot 70 cm, 300 stelen in een hele doos. Het vult volume zonder gewicht toe te voegen, en dat telt wanneer de vracht per kilo wordt afgerekend.
Lavender, deep purple, yellow and white. Mixed or straight colour, and a mix is graded rather than whatever came off the block that morning.	Lavendel, dieppaars, geel en wit. Gemengd of in één kleur, en een mengeling is gesorteerd in plaats van wat die ochtend van het perceel kwam.
Lakeside blocks around Naivasha on volcanic soil at about 1,900 metres, the same ground as the solidago. That is the reason filler volume holds here all year.	Percelen aan het meer bij Naivasha op vulkanische grond op ongeveer 1.900 meter, dezelfde grond als de solidago. Dat is de reden dat het vulbloemvolume hier het hele jaar doorloopt.
Cut, graded and pre-cooled on the same timeline as everything else we ship: into the cold room at 2 to 4 degrees within the hour, and held there until it flies.	Gesneden, gesorteerd en voorgekoeld op dezelfde tijdlijn als al het andere dat wij verzenden: binnen het uur de koelcel in op 2 tot 4 graden, en daar gehouden tot het vliegt.
Available every month of the year, with no closed season.	Elke maand van het jaar beschikbaar, zonder gesloten seizoen.
Bouquet programmes and florists who need to make a bouquet look twice the size for very little weight. It also dries well, so it carries into dried and preserved work.	Boeketprogramma&rsquo;s en floristen die een boeket twee keer zo groot willen laten lijken voor heel weinig gewicht. Het droogt ook goed, dus het loopt door in droog- en preserveerwerk.

# --- key-line pages, 9 Oct 2026 ---
Kenya	Kenia
