Our largest programme. Dense, feathery plumes on a strong straight stem, cut at the stage that travels and opens in the vase.	Ons grootste programma. Dichte, veerachtige pluimen op een stevige rechte steel, gesneden op het stadium dat reist en op de vaas opengaat.
Airy sprays of small papery flowers on a branched stem, graded so every bunch carries the same spray weight.	Luchtige trossen kleine papierachtige bloemen op een vertakte steel, gesorteerd zodat elke bos hetzelfde trosgewicht heeft.
Order confirmed by Monday flies the same week. Nairobi to Amsterdam is a night flight, and your delivery day is confirmed on the order.	Order bevestigd op maandag vliegt dezelfde week. Nairobi naar Amsterdam is een nachtvlucht, en uw leverdag staat op de orderbevestiging.
Direct. Your box is built for you and flown to you. Nothing goes through the clock, which saves a day of handling and a margin.	Direct. Uw doos wordt voor u samengesteld en naar u gevlogen. Er gaat niets over de klok, dat scheelt een dag handling en een marge.
Yes. Stem length, bunch weight, stem count and cut stage are set per customer and written into the order, and that spec is what the packhouse checks against.	Ja. Steellengte, bosgewicht, aantal stelen en snijstadium worden per klant vastgelegd en in de order opgenomen, en op die specificatie controleert de packhouse.
Consistent quality. Reliable supply. Grown in Kenya for professional flower buyers.	Constante kwaliteit. Betrouwbare aanvoer. Geteeld in Kenia voor professionele bloemeninkopers.
Markets	Markten
Europe	Europa
Solidago and eucalyptus lead the programme and the season is planned around them. Limonium runs alongside as an additional core programme product.	Solidago en eucalyptus voeren het programma aan en het seizoen wordt om hen heen gepland. Limonium loopt daarnaast mee als aanvullend kernprogrammaproduct.
Available through our grower network and packed on the same airway bill, so one bouquet costs one freight minimum.	Beschikbaar via ons telersnetwerk en verpakt op dezelfde vrachtbrief, zodat een boeket u een vrachtminimum kost.
Pre-cooled within the hour and held there to your door	Binnen het uur voorgekoeld en zo gehouden tot aan uw deur
<b>Every stem measured</b>	<b>Elke steel gemeten</b>
Full length checked against your spec before bunching	Volledige lengte gecontroleerd op uw specificatie voor het bossen
Your stems are cut after your order is confirmed.	Uw stelen worden gesneden nadat uw order bevestigd is.
A photo of your pallet before it leaves Nairobi, on request.	Op verzoek een foto van uw pallet voordat die Nairobi verlaat.
We assign one contact to your account, in your time zone.	Wij wijzen een vast contactpersoon aan uw account toe, in uw tijdzone.
Fillers, foliage and roses on one airway bill, so one bouquet costs one freight minimum.	Vulbloemen, groen en rozen op een vrachtbrief, zodat een boeket u een vrachtminimum kost.
Cool nights and high light give a tighter head, a stronger neck and a deeper colour.	Koele nachten en veel licht geven een strakkere kop, een sterkere nek en een diepere kleur.
Five steps, from the plan we agree to the box at your cold store.	Vijf stappen, van het plan dat we afspreken tot de doos in uw koelcel.
You give us the lines, the lengths and the weekly volume. We agree a programme with our growing partners before anything is planted.	U geeft ons de soorten, de lengtes en het weekvolume. Wij spreken een programma af met onze teeltpartners voordat er iets geplant wordt.
Selected Kenyan growers produce to that plan on our written specification, and we stay close to the crop through the season.	Geselecteerde Keniaanse telers produceren volgens dat plan op onze schriftelijke specificatie, en wij blijven het hele seizoen dicht bij het gewas.
Pre-cooled within the hour, sealed into pre-chilled boxes with your labels and prepared for export out of Nairobi. Pallet photos on request.	Binnen het uur voorgekoeld, gesloten in voorgekoelde dozen met uw etiketten en klaargemaakt voor export vanuit Nairobi. Palletfoto's op verzoek.
Flown to Amsterdam or Liege on a temperature-controlled route and trucked onward to your cold store, with the temperature log travelling with the shipment.	Naar Amsterdam of Luik gevlogen op een temperatuurgestuurde route en verder gereden naar uw koelcel, met de temperatuurlog bij de zending.
Altitude does<br>the work	Hoogte doet<br>het werk
Between Naivasha and the slopes of Mount Kenya the days are bright and the nights drop close to ten degrees. That swing slows the plant, which gives a tighter head, a thicker neck and a deeper colour.	Tussen Naivasha en de hellingen van Mount Kenya zijn de dagen helder en zakken de nachten naar bijna tien graden. Dat verschil remt de plant af, en dat geeft een strakkere kop, een dikkere nek en een diepere kleur.
It is why a Kenyan stem still looks fresh on day six in a Dutch shop, and why we buy above 1,800 metres even when a lower farm quotes less.	Daarom staat een Keniaanse steel op dag zes nog fris in een Nederlandse winkel, en daarom kopen wij boven 1.800 meter, ook als een lager bedrijf minder vraagt.
Out of Nairobi to Amsterdam or Liege, then onward across Europe to your cold store. Nothing goes through the Dutch clock, which saves a day of handling and a margin.	Vanuit Nairobi naar Amsterdam of Luik, en verder door Europa naar uw koelcel. Er gaat niets over de Nederlandse klok, dat scheelt een dag handling en een marge.
Pre-cooled within the hour of cutting, sealed into pre-chilled boxes and held at 2 to 4 degrees through the export process, with the temperature logged. Your delivery day is confirmed on the order.	Binnen een uur na het snijden voorgekoeld, gesloten in voorgekoelde dozen en het hele exportproces op 2 tot 4 graden gehouden, met de temperatuur gelogd. Uw leverdag staat op de orderbevestiging.
Tell us the lines, the lengths and the weekly volume. You get a written quote with grade, pack and freight inside one working day.	Geef ons de soorten, de lengtes en het weekvolume. U krijgt binnen een werkdag een schriftelijke offerte met sortering, verpakking en vracht.
Fifteen lines on one airway bill. The specs below are the standard pack; stem length, bunch weight and cut stage can be set to your own programme.	Vijftien soorten op een vrachtbrief. De specificaties hieronder zijn de standaardverpakking; steellengte, bosgewicht en snijstadium kunnen op uw eigen programma worden gezet.
Kenya grows through the European winter, when local supply stops. Peak marks the months we can take large standing volume at the best grade.	Kenia produceert door de Europese winter heen, wanneer de lokale aanvoer stopt. Piek staat voor de maanden waarin we groot vast volume aankunnen op de beste sortering.
Most vase life is lost before a flower leaves the country of origin. Here is what happens to your stems between the field and your cold store.	Het meeste vaasleven gaat verloren voordat een bloem het land van herkomst verlaat. Dit gebeurt er met uw stelen tussen het veld en uw koelcel.
Length and bunch weight checked against your written spec. Anything off spec is left behind.	Lengte en bosgewicht gecontroleerd op uw schriftelijke specificatie. Wat buiten de specificatie valt, blijft achter.
Into the cold room at 2 to 4 C within an hour of cutting. Vase life is won here.	Binnen een uur na het snijden de koelcel in op 2 tot 4 C. Hier wordt het vaasleven gewonnen.
The house standard. Every figure can be changed to your own programme and written into the order, and that is what the packhouse checks against.	De huisstandaard. Elk getal kan op uw eigen programma worden aangepast en in de order worden vastgelegd, en daar controleert de packhouse op.
Confirmed by Monday flies the same week. For a weekly standing order we work two weeks ahead so the crop is planned in advance.	Bevestigd op maandag vliegt dezelfde week. Voor een wekelijkse vaste order werken we twee weken vooruit, zodat het gewas vooraf gepland is.
Photos within 24 hours of arrival and we credit or replace on the next flight.	Foto's binnen 24 uur na aankomst en wij crediteren of leveren na op de volgende vlucht.
Freight rates move with fuel and season, so we quote them per shipment. Ask and you get the current rate the same day.	Vrachttarieven bewegen mee met brandstof en seizoen, daarom offreren wij ze per zending. Vraag het en u krijgt het actuele tarief dezelfde dag.
Most Kenyan flowers reach a European florist through three or four hands: farm, exporter, auction, wholesaler. Every hand adds a day and a margin.	De meeste Keniaanse bloemen bereiken een Europese bloemist via drie of vier handen: kwekerij, exporteur, veiling, groothandel. Elke hand kost een dag en een marge.
You order from us, our growing partners cut to that order, and the box is built for you. One fewer week in transit, and a price for the stem.	U bestelt bij ons, onze teeltpartners snijden op die order, en de doos wordt voor u samengesteld. Een week minder onderweg, en een prijs voor de steel.
We are not a farm. We bring the relationship with the growers, the specification the crop is held to, and the export process that gets it to you in the condition you were promised.	Wij zijn geen kwekerij. Wij brengen de relatie met de telers, de specificatie waaraan het gewas wordt gehouden, en het exportproces dat het bij u brengt in de staat die is afgesproken.
We work with selected Kenyan growers rather than owning farms, and collaborate closely with them on quality, specifications, harvesting, grading and export preparation, so what leaves the country matches what was agreed.	Wij werken met geselecteerde Keniaanse telers in plaats van zelf kwekerijen te bezitten, en werken nauw met hen samen aan kwaliteit, specificaties, oogst, sortering en exportvoorbereiding, zodat wat het land verlaat overeenkomt met wat is afgesproken.
A small group of growers	Een kleine groep telers
We work with growers we know, each chosen for the crop they are genuinely good at.	Wij werken met telers die we kennen, elk gekozen om het gewas waar ze echt goed in zijn.
Stem length, bunch weight, stem count and cut stage are agreed up front and shared with the grower, so the spec is set before the crop is planted.	Steellengte, bosgewicht, aantal stelen en snijstadium worden vooraf afgesproken en met de teler gedeeld, zodat de specificatie vastligt voordat het gewas geplant wordt.
Weather that ruins a crop in Naivasha rarely touches Mount Kenya in the same week, so one storm does not break a standing order.	Weer dat een gewas in Naivasha verpest raakt Mount Kenya zelden in dezelfde week, zodat een vaste order niet op een storm stukloopt.
Graded against<br>your spec	Gesorteerd op<br>uw specificatie
Your stem length, bunch weight, stem count and cut stage are written into the order, and that sheet is what the grading table checks against.	Uw steellengte, bosgewicht, aantal stelen en snijstadium worden in de order vastgelegd, en op dat blad controleert de sorteertafel.
Anything off spec does not travel. It is cheaper to leave a bunch in Nairobi than to credit a box in Rotterdam.	Wat buiten de specificatie valt, gaat niet mee. Een bos in Nairobi laten staan is goedkoper dan een doos in Rotterdam crediteren.
Ask and you get a photo of your own pallet before it leaves.	Vraag het en u krijgt een foto van uw eigen pallet voordat die vertrekt.
European retail requires a paper trail. These are the schemes our programme is built to.	De Europese retail vraagt om een papieren spoor. Dit zijn de schema's waarop ons programma is gebouwd.
Tell us the lines, the lengths and the weekly volume. You get a written price with grade, pack and freight inside one working day.	Geef ons de soorten, de lengtes en het weekvolume. U krijgt binnen een werkdag een schriftelijke prijs met sortering, verpakking en vracht.
The form stores nothing. It writes your enquiry into an email or a WhatsApp message in your own app, so you can see what goes out and keep a copy.	Het formulier slaat niets op. Het zet uw aanvraag in een e-mail of WhatsApp-bericht in uw eigen app, zodat u ziet wat er uitgaat en zelf een kopie houdt.
<b>What you get back:</b> a written quote per line with stem length, bunch spec, box count, FOB or CIF price and the current freight rate, plus a trial box before a standing programme.	<b>Wat u terugkrijgt:</b> een schriftelijke offerte per soort met steellengte, bosspecificatie, aantal per doos, FOB- of CIF-prijs en het actuele vrachttarief, plus een proefdoos voor een vast programma.
That link no longer works. Try the catalogue.	Die link werkt niet meer. Probeer de catalogus.
