Our largest programme. Dense, feathery plumes on a strong straight stem, cut at the stage that travels and opens in the vase.	Unser größtes Programm. Dichte, federartige Rispen auf einem kräftigen geraden Stiel, im Stadium geschnitten, das transportfähig ist und in der Vase aufgeht.
Airy sprays of small papery flowers on a branched stem, graded so every bunch carries the same spray weight.	Luftige Rispen kleiner papierartiger Blüten auf verzweigtem Stiel, sortiert, sodass jeder Bund dasselbe Rispengewicht hat.
Order confirmed by Monday flies the same week. Nairobi to Amsterdam is a night flight, and your delivery day is confirmed on the order.	Montags bestätigte Bestellungen fliegen in derselben Woche. Nairobi nach Amsterdam ist ein Nachtflug, und Ihr Liefertag steht auf der Auftragsbestätigung.
Direct. Your box is built for you and flown to you. Nothing goes through the clock, which saves a day of handling and a margin.	Direkt. Ihre Box wird für Sie gepackt und zu Ihnen geflogen. Nichts läuft über die Uhr, das spart einen Tag Handling und eine Marge.
Yes. Stem length, bunch weight, stem count and cut stage are set per customer and written into the order, and that spec is what the packhouse checks against.	Ja. Stiellänge, Bundgewicht, Stielzahl und Schnittstadium werden je Kunde festgelegt und in den Auftrag geschrieben, und gegen diese Spezifikation prüft das Packhaus.
Consistent quality. Reliable supply. Grown in Kenya for professional flower buyers.	Gleichbleibende Qualität. Verlässliche Versorgung. In Kenia angebaut für professionelle Blumeneinkäufer.
Markets	Märkte
Europe	Europa
Solidago and eucalyptus lead the programme and the season is planned around them. Limonium runs alongside as an additional core programme product.	Solidago und Eukalyptus führen das Programm an, und die Saison wird um sie herum geplant. Limonium läuft daneben als zusätzliches Kernprogrammprodukt.
Available through our grower network and packed on the same airway bill, so one bouquet costs one freight minimum.	Verfügbar über unser Erzeugernetz und auf demselben Luftfrachtbrief gepackt, sodass ein Strauß Sie eine Frachtmindestmenge kostet.
Pre-cooled within the hour and held there to your door	Innerhalb einer Stunde vorgekühlt und so bis zu Ihrer Tür gehalten
<b>Every stem measured</b>	<b>Jeder Stiel gemessen</b>
Full length checked against your spec before bunching	Volle Länge vor dem Bündeln gegen Ihre Spezifikation geprüft
Your stems are cut after your order is confirmed.	Ihre Stiele werden geschnitten, nachdem Ihre Bestellung bestätigt ist.
A photo of your pallet before it leaves Nairobi, on request.	Auf Wunsch ein Foto Ihrer Palette, bevor sie Nairobi verlässt.
We assign one contact to your account, in your time zone.	Wir stellen Ihrem Konto einen festen Ansprechpartner zur Seite, in Ihrer Zeitzone.
Fillers, foliage and roses on one airway bill, so one bouquet costs one freight minimum.	Füllblumen, Grün und Rosen auf einem Luftfrachtbrief, sodass ein Strauß Sie eine Frachtmindestmenge kostet.
Cool nights and high light give a tighter head, a stronger neck and a deeper colour.	Kühle Nächte und viel Licht geben einen festeren Kopf, einen stärkeren Hals und eine tiefere Farbe.
Five steps, from the plan we agree to the box at your cold store.	Fünf Schritte, vom vereinbarten Plan bis zur Box in Ihrem Kühlhaus.
You give us the lines, the lengths and the weekly volume. We agree a programme with our growing partners before anything is planted.	Sie nennen uns die Sorten, die Längen und das Wochenvolumen. Wir vereinbaren ein Programm mit unseren Anbaupartnern, bevor etwas gepflanzt wird.
Selected Kenyan growers produce to that plan on our written specification, and we stay close to the crop through the season.	Ausgewählte kenianische Erzeuger produzieren nach diesem Plan auf unsere schriftliche Spezifikation, und wir bleiben die ganze Saison nah an der Kultur.
Pre-cooled within the hour, sealed into pre-chilled boxes with your labels and prepared for export out of Nairobi. Pallet photos on request.	Innerhalb einer Stunde vorgekühlt, in vorgekühlte Kartons mit Ihren Etiketten verschlossen und für den Export ab Nairobi vorbereitet. Palettenfotos auf Wunsch.
Flown to Amsterdam or Liege on a temperature-controlled route and trucked onward to your cold store, with the temperature log travelling with the shipment.	Auf einer temperaturgeführten Route nach Amsterdam oder Lüttich geflogen und weiter zu Ihrem Kühlhaus gefahren, mit dem Temperaturprotokoll bei der Sendung.
Altitude does<br>the work	Die Höhe macht<br>die Arbeit
Between Naivasha and the slopes of Mount Kenya the days are bright and the nights drop close to ten degrees. That swing slows the plant, which gives a tighter head, a thicker neck and a deeper colour.	Zwischen Naivasha und den Hängen des Mount Kenya sind die Tage hell und die Nächte fallen auf knapp zehn Grad. Dieser Unterschied bremst die Pflanze, und das ergibt einen festeren Kopf, einen dickeren Hals und eine tiefere Farbe.
It is why a Kenyan stem still looks fresh on day six in a Dutch shop, and why we buy above 1,800 metres even when a lower farm quotes less.	Deshalb sieht ein kenianischer Stiel am sechsten Tag in einem niederländischen Laden noch frisch aus, und deshalb kaufen wir oberhalb von 1.800 Metern, auch wenn ein tiefer gelegener Betrieb weniger verlangt.
Out of Nairobi to Amsterdam or Liege, then onward across Europe to your cold store. Nothing goes through the Dutch clock, which saves a day of handling and a margin.	Ab Nairobi nach Amsterdam oder Lüttich und weiter durch Europa zu Ihrem Kühlhaus. Nichts läuft über die niederländische Uhr, das spart einen Tag Handling und eine Marge.
Pre-cooled within the hour of cutting, sealed into pre-chilled boxes and held at 2 to 4 degrees through the export process, with the temperature logged. Your delivery day is confirmed on the order.	Innerhalb einer Stunde nach dem Schnitt vorgekühlt, in vorgekühlte Kartons verschlossen und während des gesamten Exportprozesses bei 2 bis 4 Grad gehalten, mit protokollierter Temperatur. Ihr Liefertag steht auf der Auftragsbestätigung.
Tell us the lines, the lengths and the weekly volume. You get a written quote with grade, pack and freight inside one working day.	Nennen Sie uns die Sorten, die Längen und das Wochenvolumen. Sie erhalten innerhalb eines Werktags ein schriftliches Angebot mit Sortierung, Verpackung und Fracht.
Fifteen lines on one airway bill. The specs below are the standard pack; stem length, bunch weight and cut stage can be set to your own programme.	Fünfzehn Sorten auf einem Luftfrachtbrief. Die Angaben unten sind die Standardverpackung; Stiellänge, Bundgewicht und Schnittstadium lassen sich auf Ihr eigenes Programm einstellen.
Kenya grows through the European winter, when local supply stops. Peak marks the months we can take large standing volume at the best grade.	Kenia produziert durch den europäischen Winter hindurch, wenn die lokale Versorgung ausfällt. Hoch steht für die Monate, in denen wir großes festes Volumen in bester Sortierung liefern können.
Most vase life is lost before a flower leaves the country of origin. Here is what happens to your stems between the field and your cold store.	Das meiste Vasenleben geht verloren, bevor eine Blume das Ursprungsland verlässt. Das passiert mit Ihren Stielen zwischen Feld und Kühlhaus.
Length and bunch weight checked against your written spec. Anything off spec is left behind.	Länge und Bundgewicht gegen Ihre schriftliche Spezifikation geprüft. Was außerhalb der Spezifikation liegt, bleibt zurück.
Into the cold room at 2 to 4 C within an hour of cutting. Vase life is won here.	Innerhalb einer Stunde nach dem Schnitt in die Kühlzelle bei 2 bis 4 C. Hier wird das Vasenleben gewonnen.
The house standard. Every figure can be changed to your own programme and written into the order, and that is what the packhouse checks against.	Der Hausstandard. Jeder Wert lässt sich auf Ihr eigenes Programm ändern und in den Auftrag schreiben, und danach prüft das Packhaus.
Confirmed by Monday flies the same week. For a weekly standing order we work two weeks ahead so the crop is planned in advance.	Montags bestätigt fliegt in derselben Woche. Bei einem wöchentlichen Festauftrag arbeiten wir zwei Wochen im Voraus, damit die Kultur vorab geplant ist.
Photos within 24 hours of arrival and we credit or replace on the next flight.	Fotos innerhalb von 24 Stunden nach Ankunft, und wir schreiben gut oder liefern mit dem nächsten Flug nach.
Freight rates move with fuel and season, so we quote them per shipment. Ask and you get the current rate the same day.	Frachtraten bewegen sich mit Treibstoff und Saison, deshalb kalkulieren wir sie je Sendung. Fragen Sie an, und Sie erhalten die aktuelle Rate noch am selben Tag.
Most Kenyan flowers reach a European florist through three or four hands: farm, exporter, auction, wholesaler. Every hand adds a day and a margin.	Die meisten kenianischen Blumen erreichen einen europäischen Floristen über drei oder vier Hände: Farm, Exporteur, Auktion, Großhandel. Jede Hand kostet einen Tag und eine Marge.
You order from us, our growing partners cut to that order, and the box is built for you. One fewer week in transit, and a price for the stem.	Sie bestellen bei uns, unsere Anbaupartner schneiden auf diesen Auftrag, und die Box wird für Sie gepackt. Eine Woche weniger unterwegs und ein Preis für den Stiel.
We are not a farm. We bring the relationship with the growers, the specification the crop is held to, and the export process that gets it to you in the condition you were promised.	Wir sind keine Farm. Wir bringen die Beziehung zu den Erzeugern, die Spezifikation, an die die Kultur gebunden ist, und den Exportprozess, der sie in dem zugesagten Zustand zu Ihnen bringt.
We work with selected Kenyan growers rather than owning farms, and collaborate closely with them on quality, specifications, harvesting, grading and export preparation, so what leaves the country matches what was agreed.	Wir arbeiten mit ausgewählten kenianischen Erzeugern, statt selbst Farmen zu besitzen, und stimmen uns eng mit ihnen zu Qualität, Spezifikationen, Ernte, Sortierung und Exportvorbereitung ab, sodass das, was das Land verlässt, dem Vereinbarten entspricht.
A small group of growers	Eine kleine Gruppe von Erzeugern
We work with growers we know, each chosen for the crop they are genuinely good at.	Wir arbeiten mit Erzeugern, die wir kennen, jeder ausgewählt für die Kultur, die er wirklich beherrscht.
Stem length, bunch weight, stem count and cut stage are agreed up front and shared with the grower, so the spec is set before the crop is planted.	Stiellänge, Bundgewicht, Stielzahl und Schnittstadium werden vorab vereinbart und mit dem Erzeuger geteilt, sodass die Spezifikation feststeht, bevor die Kultur gepflanzt wird.
Weather that ruins a crop in Naivasha rarely touches Mount Kenya in the same week, so one storm does not break a standing order.	Wetter, das eine Kultur in Naivasha zerstört, trifft den Mount Kenya selten in derselben Woche, sodass ein Sturm keinen Festauftrag bricht.
Graded against<br>your spec	Sortiert nach<br>Ihrer Spezifikation
Your stem length, bunch weight, stem count and cut stage are written into the order, and that sheet is what the grading table checks against.	Ihre Stiellänge, Ihr Bundgewicht, Ihre Stielzahl und Ihr Schnittstadium werden in den Auftrag geschrieben, und gegen dieses Blatt prüft der Sortiertisch.
Anything off spec does not travel. It is cheaper to leave a bunch in Nairobi than to credit a box in Rotterdam.	Was außerhalb der Spezifikation liegt, reist nicht mit. Einen Bund in Nairobi stehen zu lassen ist günstiger, als eine Box in Rotterdam gutzuschreiben.
Ask and you get a photo of your own pallet before it leaves.	Fragen Sie an, und Sie erhalten ein Foto Ihrer eigenen Palette, bevor sie abgeht.
European retail requires a paper trail. These are the schemes our programme is built to.	Der europäische Handel verlangt einen Papiernachweis. Nach diesen Standards ist unser Programm aufgebaut.
Tell us the lines, the lengths and the weekly volume. You get a written price with grade, pack and freight inside one working day.	Nennen Sie uns die Sorten, die Längen und das Wochenvolumen. Sie erhalten innerhalb eines Werktags einen schriftlichen Preis mit Sortierung, Verpackung und Fracht.
The form stores nothing. It writes your enquiry into an email or a WhatsApp message in your own app, so you can see what goes out and keep a copy.	Das Formular speichert nichts. Es schreibt Ihre Anfrage in eine E-Mail oder eine WhatsApp-Nachricht in Ihrer eigenen App, sodass Sie sehen, was hinausgeht, und selbst eine Kopie behalten.
<b>What you get back:</b> a written quote per line with stem length, bunch spec, box count, FOB or CIF price and the current freight rate, plus a trial box before a standing programme.	<b>Was Sie zurückbekommen:</b> ein schriftliches Angebot je Sorte mit Stiellänge, Bundspezifikation, Stückzahl je Box, FOB- oder CIF-Preis und der aktuellen Frachtrate, dazu eine Probebox vor einem Festprogramm.
That link no longer works. Try the catalogue.	Dieser Link funktioniert nicht mehr. Versuchen Sie den Katalog.
