# --- 2909 update pack: rozen gesplitst, echte contactgegevens, kleuren van de klant, wereldwijde markten
Santini, daisy and disbud forms depending on the programme, including Zembla disbud in white and yellow.	Santini-, margriet- en geplozen vormen, afhankelijk van het programma, inclusief Zembla geplozen in wit en geel.
One large head per stem, in mixed varieties or straight colour. Head size is graded against the stem length you order.	Een grote bloem per steel, in gemengde soorten of in een enkele kleur. De bloemgrootte wordt gesorteerd op de steellengte die u bestelt.
Three to five smaller heads on a branched stem, available as a graded mix of varieties or as a single colour.	Drie tot vijf kleinere bloemen op een vertakte steel, leverbaar als gesorteerde soortenmix of in een enkele kleur.
An order confirmed early in the week normally flies that same week. Nairobi to Amsterdam is a night flight, and your delivery day is confirmed in writing on the order.	Een order die begin van de week bevestigd is, vliegt normaal diezelfde week. Nairobi-Amsterdam is een nachtvlucht en uw leverdag wordt schriftelijk op de order bevestigd.
Africa	Afrika
Asia	Azië
All 16 lines	Alle 16 lijnen
Lines	Lijnen
Baby Blue · Silver Dollar	Baby Blue · Silver Dollar
Lavender, Deep purple, Yellow, White	Lavendel, Dieppaars, Geel, Wit
Roses	Rozen
Spray Roses	Trosrozen
40 cm to 70 cm &middot; 8-14 days	40 cm tot 70 cm &middot; 8-14 dagen
Why buyers work<br>with JASM	Waarom inkopers<br>met JASM werken
Competitive pricing	Scherpe prijzen
We price with the grower and the buyer in the same conversation, so the number works commercially at both ends.	We prijzen met de kweker en de inkoper aan tafel, zodat het getal aan beide kanten commercieel klopt.
Out of Kenya,<br>on a cold chain we control	Vanuit Kenia,<br>in een koelketen die we bewaken
Europe is where most of our volume goes: out of Nairobi to Amsterdam or Liege, then onward to your cold store. Nothing goes through the Dutch clock, which saves a day of handling and a margin.	Europa neemt het grootste deel van ons volume af: vanuit Nairobi naar Amsterdam of Luik en door naar uw koelcel. Niets gaat over de Nederlandse klok, dat scheelt een dag handling en een marge.
We also ship into Africa, the Middle East and Asia. Tell us the destination and we quote the route with it.	We leveren ook naar Afrika, het Midden-Oosten en Azië. Noem de bestemming en we offreren de route erbij.
A Kenyan flower export business connecting selected growers with professional international buyers. Summer flowers, foliage and roses for Europe, Africa, the Middle East and Asia.	Een Keniaanse bloemenexporteur die geselecteerde kwekers verbindt met professionele internationale inkopers. Zomerbloemen, groen en rozen voor Europa, Afrika, het Midden-Oosten en Azië.
Quality. Reliability. Competitive pricing. Long-term partnerships.	Kwaliteit. Betrouwbaarheid. Scherpe prijzen. Langdurige partnerschappen.
mary@jasmflowers.co.ke	mary@jasmflowers.co.ke
Flower catalogue: 16 lines from Kenya | JASM Flowers	Bloemencatalogus: 16 lijnen uit Kenia | JASM Flowers
Solidago, eucalyptus, limonium, gypsophila, carnations, statice, chrysanthemums, hydrangeas, delphiniums, eryngium, roses and spray roses. Lengths, bunch specs and month by month availability.	Solidago, eucalyptus, limonium, gipskruid, anjers, statice, chrysanten, hortensia's, ridderspoor, eryngium, rozen en trosrozen. Steellengtes, bosspecificaties en beschikbaarheid per maand.
16 lines on one airway bill. The specs below are the standard pack; stem length, bunch weight and cut stage can be set to your own programme.	16 soorten op een vrachtbrief. De specificaties hieronder zijn de standaardverpakking; steellengte, bosgewicht en snijstadium kunnen op uw eigen programma worden gezet.
Bio colours	Biokleuren
Cerise	Cerise
Roses from JASM Flowers	Rozen van JASM Flowers
Orange	Oranje
Spray Roses from JASM Flowers	Trosrozen van JASM Flowers
40 cm &middot; 50 cm &middot; 60 cm &middot; 70 cm	40 cm &middot; 50 cm &middot; 60 cm &middot; 70 cm
200-300 stems / full box	200-300 stelen / volle doos
40 cm, 50 cm, 60 cm, 70 cm	40 cm, 50 cm, 60 cm, 70 cm
An order confirmed early in the week normally flies that same week. For a weekly standing order we work two weeks ahead so the crop is planned in advance.	Een order die begin van de week bevestigd is, vliegt normaal diezelfde week. Voor een wekelijkse vaste order werken we twee weken vooruit, zodat de teelt vooraf gepland is.
Reliability	Betrouwbaarheid
Where our flowers go	Waar onze bloemen heen gaan
Importers, wholesalers, florists, bouquet producers and retail flower businesses. Europe takes most of the volume; the rest travels further.	Importeurs, groothandels, bloemisten, boeketmakers en retailbedrijven. Europa neemt het grootste deel van het volume af; de rest reist verder.
Worldwide	Wereldwijd
What we hold<br>the product to	Waar we het product<br>aan houden
Consistency is the thing professional buyers actually pay for. These are the five points where it is either kept or lost.	Constantheid is waar professionele inkopers echt voor betalen. Dit zijn de vijf punten waarop die wordt vastgehouden of verspeeld.
Harvesting	Oogst
Cut at the maturity your order specifies, not at whatever stage the block happens to be.	Gesneden op het rijpheidsstadium dat uw order voorschrijft, niet op het stadium waarin het perceel toevallig staat.
Grading	Sorteren
Checked against the agreed specification, stem length and grade included.	Gecontroleerd tegen de afgesproken specificatie, inclusief steellengte en sortering.
Bunching &amp; packing	Bossen &amp; verpakken
Prepared and packed to the agreed format and the requirements of the shipment.	Klaargemaakt en verpakt volgens het afgesproken formaat en de eisen van de zending.
Post-harvest handling	Naoogstbehandeling
We work with our grower and packing partners so stems are handled carefully after the cut.	We werken samen met onze kweek- en verpakkingspartners zodat stelen na de snee zorgvuldig behandeld worden.
Export preparation	Exportvoorbereiding
We coordinate the shipment and export requirements before the flowers leave Kenya.	Wij regelen de zending en de exporteisen voordat de bloemen Kenia verlaten.
Your specification	Uw specificatie
Stem length, grade, bunch size, packaging, quantity and shipment frequency are agreed before supply is confirmed, not after the first box lands.	Steellengte, sortering, bosgrootte, verpakking, aantal en zendfrequentie worden afgesproken voordat levering bevestigd wordt, niet nadat de eerste doos geland is.
<b>Office, second line</b>	<b>Kantoor, tweede lijn</b>
16 lines, one airway bill. Stem lengths, bunch and box specs, and month by month availability for the full programme.	16 soorten, een vrachtbrief. Steellengtes, bos- en doosspecificaties en beschikbaarheid per maand voor het hele programma.
Full specification, all 16 lines	Volledige specificatie, alle 16 soorten
<b>Roses</b>	<b>Rozen</b>
<b>Spray Roses</b>	<b>Trosrozen</b>
White, Yellow, Pink, Purple, Red, Bio colours	Wit, Geel, Roze, Paars, Rood, Biokleuren
White, Pink, Cerise, Red, Blue, Purple, Green, Bio colours	Wit, Roze, Cerise, Rood, Blauw, Paars, Groen, Biokleuren
White, Blue, Purple, Pink	Wit, Blauw, Paars, Roze
Rosa hybrida &middot; Premium single head	Rosa hybrida &middot; Premium grootbloemig
White, Red, Yellow, Orange, Pink, Soft pink, Peach, Purple, Cream, Bio colours	Wit, Rood, Geel, Oranje, Roze, Zachtroze, Perzik, Paars, Creme, Biokleuren
Rosa hybrida &middot; Multi head	Rosa hybrida &middot; Meerbloemig
Additional flowers 5	Aanvullende bloemen 5
White, Cream, Peach, Soft pink, Pink	Wit, Creme, Perzik, Zachtroze, Roze
Out of Nairobi JKIA on a night flight, into Europe the following morning.	Vanaf Nairobi JKIA op een nachtvlucht, de volgende ochtend in Europa.
Europe &middot; Africa &middot; Asia &middot; Netherlands &middot; Germany &middot; United Kingdom &middot; France &middot; Belgium &middot; Italy &middot; Spain &middot; Poland &middot; Scandinavia &middot; Middle East	Europa &middot; Afrika &middot; Azië &middot; Nederland &middot; Duitsland &middot; Verenigd Koninkrijk &middot; Frankrijk &middot; België &middot; Italië &middot; Spanje &middot; Polen &middot; Scandinavië &middot; Midden-Oosten
Quality focus	Kwaliteitsfocus
<b>Harvesting</b> &mdash; Cut at the maturity your order specifies, not at whatever stage the block happens to be.	<b>Oogst</b> &mdash; Gesneden op het rijpheidsstadium dat uw order voorschrijft, niet op het stadium waarin het perceel toevallig staat.
<b>Grading</b> &mdash; Checked against the agreed specification, stem length and grade included.	<b>Sorteren</b> &mdash; Gecontroleerd tegen de afgesproken specificatie, inclusief steellengte en sortering.
<b>Bunching &amp; packing</b> &mdash; Prepared and packed to the agreed format and the requirements of the shipment.	<b>Bossen &amp; verpakken</b> &mdash; Klaargemaakt en verpakt volgens het afgesproken formaat en de eisen van de zending.
<b>Post-harvest handling</b> &mdash; We work with our grower and packing partners so stems are handled carefully after the cut.	<b>Naoogstbehandeling</b> &mdash; We werken samen met onze kweek- en verpakkingspartners zodat stelen na de snee zorgvuldig behandeld worden.
<b>Export preparation</b> &mdash; We coordinate the shipment and export requirements before the flowers leave Kenya.	<b>Exportvoorbereiding</b> &mdash; Wij regelen de zending en de exporteisen voordat de bloemen Kenia verlaten.
<b>sales@jasmflowers.co.ke</b> &middot; +254 710 693 400 &middot; +254 728 466 288<br> jasmflowers.jouwidealewebsite.nl	<b>sales@jasmflowers.co.ke</b> &middot; +254 710 693 400 &middot; +254 728 466 288<br> jasmflowers.jouwidealewebsite.nl
