# --- 2909 update pack: Rosen getrennt, echte Kontaktdaten, Farben vom Kunden, weltweite Maerkte
Santini, daisy and disbud forms depending on the programme, including Zembla disbud in white and yellow.	Santini-, Margeriten- und Disbud-Formen je nach Programm, einschließlich Zembla Disbud in Weiß und Gelb.
One large head per stem, in mixed varieties or straight colour. Head size is graded against the stem length you order.	Eine große Blüte je Stiel, in gemischten Sorten oder einfarbig. Die Blütengröße wird nach der bestellten Stiellänge sortiert.
Three to five smaller heads on a branched stem, available as a graded mix of varieties or as a single colour.	Drei bis fünf kleinere Blüten an einem verzweigten Stiel, lieferbar als sortierte Sortenmischung oder einfarbig.
An order confirmed early in the week normally flies that same week. Nairobi to Amsterdam is a night flight, and your delivery day is confirmed in writing on the order.	Eine Anfang der Woche bestätigte Bestellung fliegt in der Regel noch in derselben Woche. Nairobi-Amsterdam ist ein Nachtflug, und Ihr Liefertag wird schriftlich auf der Bestellung bestätigt.
Africa	Afrika
Asia	Asien
All 16 lines	Alle 16 Linien
Lines	Linien
Baby Blue · Silver Dollar	Baby Blue · Silver Dollar
Lavender, Deep purple, Yellow, White	Lavendel, Dunkelviolett, Gelb, Weiß
Roses	Rosen
Spray Roses	Sprayrosen
40 cm to 70 cm &middot; 8-14 days	40 cm bis 70 cm &middot; 8-14 Tage
Why buyers work<br>with JASM	Warum Einkäufer<br>mit JASM arbeiten
Competitive pricing	Wettbewerbsfähige Preise
We price with the grower and the buyer in the same conversation, so the number works commercially at both ends.	Wir kalkulieren mit Züchter und Einkäufer am selben Tisch, damit die Zahl auf beiden Seiten kaufmännisch aufgeht.
Out of Kenya,<br>on a cold chain we control	Aus Kenia,<br>in einer Kühlkette, die wir führen
Europe is where most of our volume goes: out of Nairobi to Amsterdam or Liege, then onward to your cold store. Nothing goes through the Dutch clock, which saves a day of handling and a margin.	Der größte Teil unseres Volumens geht nach Europa: von Nairobi nach Amsterdam oder Lüttich und weiter zu Ihrem Kühllager. Nichts läuft über die niederländische Uhr, das spart einen Tag Handling und eine Marge.
We also ship into Africa, the Middle East and Asia. Tell us the destination and we quote the route with it.	Wir liefern auch nach Afrika, in den Nahen Osten und nach Asien. Nennen Sie uns das Ziel, und wir kalkulieren die Route mit.
A Kenyan flower export business connecting selected growers with professional international buyers. Summer flowers, foliage and roses for Europe, Africa, the Middle East and Asia.	Ein kenianischer Blumenexporteur, der ausgewählte Züchter mit professionellen internationalen Einkäufern verbindet. Sommerblumen, Schnittgrün und Rosen für Europa, Afrika, den Nahen Osten und Asien.
Quality. Reliability. Competitive pricing. Long-term partnerships.	Qualität. Zuverlässigkeit. Wettbewerbsfähige Preise. Langfristige Partnerschaften.
mary@jasmflowers.co.ke	mary@jasmflowers.co.ke
Flower catalogue: 16 lines from Kenya | JASM Flowers	Blumenkatalog: 16 Linien aus Kenia | JASM Flowers
Solidago, eucalyptus, limonium, gypsophila, carnations, statice, chrysanthemums, hydrangeas, delphiniums, eryngium, roses and spray roses. Lengths, bunch specs and month by month availability.	Solidago, Eukalyptus, Limonium, Schleierkraut, Nelken, Statice, Chrysanthemen, Hortensien, Rittersporn, Eryngium, Rosen und Sprayrosen. Stiellängen, Bund-Spezifikationen und Verfügbarkeit Monat für Monat.
16 lines on one airway bill. The specs below are the standard pack; stem length, bunch weight and cut stage can be set to your own programme.	16 Sorten auf einem Luftfrachtbrief. Die Angaben unten sind die Standardverpackung; Stiellänge, Bundgewicht und Schnittstadium lassen sich auf Ihr eigenes Programm einstellen.
Bio colours	Biofarben
Cerise	Cerise
Roses from JASM Flowers	Rosen von JASM Flowers
Orange	Orange
Spray Roses from JASM Flowers	Sprayrosen von JASM Flowers
40 cm &middot; 50 cm &middot; 60 cm &middot; 70 cm	40 cm &middot; 50 cm &middot; 60 cm &middot; 70 cm
200-300 stems / full box	200-300 Stiele / volle Kiste
40 cm, 50 cm, 60 cm, 70 cm	40 cm, 50 cm, 60 cm, 70 cm
An order confirmed early in the week normally flies that same week. For a weekly standing order we work two weeks ahead so the crop is planned in advance.	Eine Anfang der Woche bestätigte Bestellung fliegt in der Regel noch in derselben Woche. Bei einer wöchentlichen Daueraufnahme planen wir zwei Wochen im Voraus, damit die Kultur vorab eingeplant ist.
Reliability	Zuverlässigkeit
Where our flowers go	Wohin unsere Blumen gehen
Importers, wholesalers, florists, bouquet producers and retail flower businesses. Europe takes most of the volume; the rest travels further.	Importeure, Großhändler, Floristen, Bouquetbetriebe und Blumeneinzelhandel. Europa nimmt den größten Teil des Volumens ab, der Rest reist weiter.
Worldwide	Weltweit
What we hold<br>the product to	Woran wir das<br>Produkt messen
Consistency is the thing professional buyers actually pay for. These are the five points where it is either kept or lost.	Gleichmäßigkeit ist das, wofür professionelle Einkäufer tatsächlich zahlen. An diesen fünf Punkten wird sie gehalten oder verspielt.
Harvesting	Ernte
Cut at the maturity your order specifies, not at whatever stage the block happens to be.	Geschnitten im Reifestadium, das Ihre Bestellung vorgibt, nicht in dem Stadium, in dem der Satz zufällig steht.
Grading	Sortierung
Checked against the agreed specification, stem length and grade included.	Geprüft gegen die vereinbarte Spezifikation, einschließlich Stiellänge und Sortierung.
Bunching &amp; packing	Bündeln &amp; Verpacken
Prepared and packed to the agreed format and the requirements of the shipment.	Aufbereitet und verpackt nach dem vereinbarten Format und den Anforderungen der Sendung.
Post-harvest handling	Nachernte-Behandlung
We work with our grower and packing partners so stems are handled carefully after the cut.	Wir arbeiten mit unseren Züchter- und Packpartnern zusammen, damit Stiele nach dem Schnitt sorgfältig behandelt werden.
Export preparation	Exportvorbereitung
We coordinate the shipment and export requirements before the flowers leave Kenya.	Wir regeln Sendung und Exportanforderungen, bevor die Blumen Kenia verlassen.
Your specification	Ihre Spezifikation
Stem length, grade, bunch size, packaging, quantity and shipment frequency are agreed before supply is confirmed, not after the first box lands.	Stiellänge, Sortierung, Bundgröße, Verpackung, Menge und Versandfrequenz werden vereinbart, bevor die Lieferung bestätigt wird, nicht nachdem die erste Kiste gelandet ist.
<b>Office, second line</b>	<b>Büro, zweite Leitung</b>
16 lines, one airway bill. Stem lengths, bunch and box specs, and month by month availability for the full programme.	16 Sorten, ein Luftfrachtbrief. Stiellängen, Bund- und Kistenangaben sowie Verfügbarkeit Monat für Monat für das gesamte Programm.
Full specification, all 16 lines	Vollständige Spezifikation, alle 16 Sorten
<b>Roses</b>	<b>Rosen</b>
<b>Spray Roses</b>	<b>Sprayrosen</b>
White, Yellow, Pink, Purple, Red, Bio colours	Weiß, Gelb, Rosa, Violett, Rot, Biofarben
White, Pink, Cerise, Red, Blue, Purple, Green, Bio colours	Weiß, Rosa, Cerise, Rot, Blau, Violett, Grün, Biofarben
White, Blue, Purple, Pink	Weiß, Blau, Violett, Rosa
Rosa hybrida &middot; Premium single head	Rosa hybrida &middot; Premium großblütig
White, Red, Yellow, Orange, Pink, Soft pink, Peach, Purple, Cream, Bio colours	Weiß, Rot, Gelb, Orange, Rosa, Zartrosa, Pfirsich, Violett, Creme, Biofarben
Rosa hybrida &middot; Multi head	Rosa hybrida &middot; Mehrblütig
Additional flowers 5	Weitere Blumen 5
White, Cream, Peach, Soft pink, Pink	Weiß, Creme, Pfirsich, Zartrosa, Rosa
Out of Nairobi JKIA on a night flight, into Europe the following morning.	Ab Nairobi JKIA auf einem Nachtflug, am folgenden Morgen in Europa.
Europe &middot; Africa &middot; Asia &middot; Netherlands &middot; Germany &middot; United Kingdom &middot; France &middot; Belgium &middot; Italy &middot; Spain &middot; Poland &middot; Scandinavia &middot; Middle East	Europa &middot; Afrika &middot; Asien &middot; Niederlande &middot; Deutschland &middot; Vereinigtes Königreich &middot; Frankreich &middot; Belgien &middot; Italien &middot; Spanien &middot; Polen &middot; Skandinavien &middot; Naher Osten
Quality focus	Qualitätsfokus
<b>Harvesting</b> &mdash; Cut at the maturity your order specifies, not at whatever stage the block happens to be.	<b>Ernte</b> &mdash; Geschnitten im Reifestadium, das Ihre Bestellung vorgibt, nicht in dem Stadium, in dem der Satz zufällig steht.
<b>Grading</b> &mdash; Checked against the agreed specification, stem length and grade included.	<b>Sortierung</b> &mdash; Geprüft gegen die vereinbarte Spezifikation, einschließlich Stiellänge und Sortierung.
<b>Bunching &amp; packing</b> &mdash; Prepared and packed to the agreed format and the requirements of the shipment.	<b>Bündeln &amp; Verpacken</b> &mdash; Aufbereitet und verpackt nach dem vereinbarten Format und den Anforderungen der Sendung.
<b>Post-harvest handling</b> &mdash; We work with our grower and packing partners so stems are handled carefully after the cut.	<b>Nachernte-Behandlung</b> &mdash; Wir arbeiten mit unseren Züchter- und Packpartnern zusammen, damit Stiele nach dem Schnitt sorgfältig behandelt werden.
<b>Export preparation</b> &mdash; We coordinate the shipment and export requirements before the flowers leave Kenya.	<b>Exportvorbereitung</b> &mdash; Wir regeln Sendung und Exportanforderungen, bevor die Blumen Kenia verlassen.
<b>sales@jasmflowers.co.ke</b> &middot; +254 710 693 400 &middot; +254 728 466 288<br> jasmflowers.jouwidealewebsite.nl	<b>sales@jasmflowers.co.ke</b> &middot; +254 710 693 400 &middot; +254 728 466 288<br> jasmflowers.jouwidealewebsite.nl
